observation_date,ALPCPI,AKPCPI,AZPCPI,ARPCPI,CAPCPI,COPCPI,CTPCPI,DEPCPI,FLPCPI,GAPCPI,HIPCPI,IDPCPI,ILPCPI,INPCPI,IAPCPI,KSPCPI,KYOPCI,LAPCPI,MEPCPI,MDPCPI,MAPCPI,MIPCPI,MNPCPI,MSPCPI,MOOPCI,MTPCPI,NEPCPI,NVPCPI,NHPCPI,NJPCPI,NMPCPI,NYPCPI,NCPCPI,NDPCPI,OHPCPI,OKPCPI,ORPCPI,PAPCPI,RIPCPI,SCPCPI,SDPCPI,TNPCPI,TXPCPI,UTPCPI,VTPCPI,VAPCPI,WAPCPI,WVPCPI,WIPCPI,WYPCPI,ALPCPI_YOY,AKPCPI_YOY,AZPCPI_YOY,ARPCPI_YOY,CAPCPI_YOY,COPCPI_YOY,CTPCPI_YOY,DEPCPI_YOY,FLPCPI_YOY,GAPCPI_YOY,HIPCPI_YOY,IDPCPI_YOY,ILPCPI_YOY,INPCPI_YOY,IAPCPI_YOY,KSPCPI_YOY,KYOPCI_YOY,LAPCPI_YOY,MEPCPI_YOY,MDPCPI_YOY,MAPCPI_YOY,MIPCPI_YOY,MNPCPI_YOY,MSPCPI_YOY,MOOPCI_YOY,MTPCPI_YOY,NEPCPI_YOY,NVPCPI_YOY,NHPCPI_YOY,NJPCPI_YOY,NMPCPI_YOY,NYPCPI_YOY,NCPCPI_YOY,NDPCPI_YOY,OHPCPI_YOY,OKPCPI_YOY,ORPCPI_YOY,PAPCPI_YOY,RIPCPI_YOY,SCPCPI_YOY,SDPCPI_YOY,TNPCPI_YOY,TXPCPI_YOY,UTPCPI_YOY,VTPCPI_YOY,VAPCPI_YOY,WAPCPI_YOY,WVPCPI_YOY,WIPCPI_YOY,WYPCPI_YOY
1929-01-01,319,,598,303,994,631,1029,1031,519,343,,499,951,605,571,526,,409,600,775,911,792,594,277,,592,584,874,688,921,405,1156,327,377,772,449,666,776,881,267,415,373,474,548,630,435,740,459,670,672,,,,,,,,,,,,,,,,,,,,,,,,,,,,,,,,,,,,,,,,,,,,,,,,,,
1930-01-01,263,,518,224,889,574,927,858,468,303,,488,810,512,501,460,,353,574,721,842,658,547,197,,501,510,834,648,851,333,1042,287,308,664,365,605,717,795,239,357,321,407,494,572,387,657,407,585,582,-0.175548589,#DIV/0!,-0.133779264,-0.260726073,-0.105633803,-0.090332805,-0.099125364,-0.167798254,-0.098265896,-0.116618076,#DIV/0!,-0.022044088,-0.148264984,-0.153719008,-0.122591944,-0.125475285,#DIV/0!,-0.136919315,-0.043333333,-0.069677419,-0.075740944,-0.169191919,-0.079124579,-0.288808664,#DIV/0!,-0.153716216,-0.126712329,-0.04576659,-0.058139535,-0.076004343,-0.177777778,-0.098615917,-0.122324159,-0.183023873,-0.139896373,-0.187082405,-0.091591592,-0.076030928,-0.097616345,-0.104868914,-0.139759036,-0.139410188,-0.141350211,-0.098540146,-0.092063492,-0.110344828,-0.112162162,-0.11328976,-0.126865672,-0.133928571
1931-01-01,220,,430,207,753,472,807,776,397,254,,366,673,435,396,394,,315,492,646,766,540,457,169,,387,409,665,560,741,287,889,244,195,563,294,504,605,718,203,242,273,345,372,471,371,534,354,469,477,-0.163498099,#DIV/0!,-0.16988417,-0.075892857,-0.152980877,-0.177700348,-0.129449838,-0.095571096,-0.151709402,-0.161716172,#DIV/0!,-0.25,-0.169135802,-0.150390625,-0.209580838,-0.143478261,#DIV/0!,-0.107648725,-0.142857143,-0.104022191,-0.090261283,-0.179331307,-0.164533821,-0.14213198,#DIV/0!,-0.22754491,-0.198039216,-0.20263789,-0.135802469,-0.129259694,-0.138138138,-0.146833013,-0.149825784,-0.366883117,-0.152108434,-0.194520548,-0.166942149,-0.156206416,-0.096855346,-0.150627615,-0.322128852,-0.14953271,-0.152334152,-0.246963563,-0.176573427,-0.041343669,-0.187214612,-0.13022113,-0.198290598,-0.180412371
1932-01-01,159,,322,152,584,357,627,591,317,197,,268,489,308,293,267,,238,380,522,622,395,361,122,,334,303,557,430,593,208,686,183,178,403,214,377,455,584,156,189,194,262,304,363,286,402,257,362,375,-0.277272727,#DIV/0!,-0.251162791,-0.265700483,-0.224435591,-0.243644068,-0.223048327,-0.238402062,-0.201511335,-0.224409449,#DIV/0!,-0.267759563,-0.273402675,-0.291954023,-0.26010101,-0.322335025,#DIV/0!,-0.244444444,-0.227642276,-0.191950464,-0.187989556,-0.268518519,-0.210065646,-0.278106509,#DIV/0!,-0.136950904,-0.259168704,-0.162406015,-0.232142857,-0.199730094,-0.275261324,-0.228346457,-0.25,-0.087179487,-0.284191829,-0.272108844,-0.251984127,-0.247933884,-0.186629526,-0.231527094,-0.219008264,-0.289377289,-0.24057971,-0.182795699,-0.229299363,-0.229110512,-0.247191011,-0.274011299,-0.228144989,-0.213836478
1933-01-01,164,,309,153,550,353,591,566,289,202,,228,441,294,252,251,,226,373,475,568,348,310,127,,299,273,499,420,529,211,634,203,151,387,220,357,423,569,172,136,201,254,297,337,286,376,259,334,372,0.031446541,#DIV/0!,-0.040372671,0.006578947,-0.058219178,-0.011204482,-0.057416268,-0.042301184,-0.088328076,0.025380711,#DIV/0!,-0.149253731,-0.098159509,-0.045454545,-0.139931741,-0.059925094,#DIV/0!,-0.050420168,-0.018421053,-0.090038314,-0.08681672,-0.118987342,-0.141274238,0.040983607,#DIV/0!,-0.104790419,-0.099009901,-0.104129264,-0.023255814,-0.107925801,0.014423077,-0.075801749,0.109289617,-0.151685393,-0.039702233,0.028037383,-0.053050398,-0.07032967,-0.025684932,0.102564103,-0.28042328,0.036082474,-0.030534351,-0.023026316,-0.071625344,0,-0.064676617,0.007782101,-0.077348066,-0.008
1934-01-01,207,,362,182,605,372,661,647,348,241,,389,508,357,271,288,,263,418,532,618,454,359,167,,365,264,560,480,578,246,688,247,184,457,250,437,487,609,207,190,242,291,314,381,323,442,313,380,414,0.262195122,#DIV/0!,0.171521036,0.189542484,0.1,0.053824363,0.118443316,0.143109541,0.204152249,0.193069307,#DIV/0!,0.706140351,0.151927438,0.214285714,0.075396825,0.147410359,#DIV/0!,0.163716814,0.120643432,0.12,0.088028169,0.304597701,0.158064516,0.31496063,#DIV/0!,0.220735786,-0.032967033,0.122244489,0.142857143,0.092627599,0.165876777,0.085173502,0.216748768,0.218543046,0.180878553,0.136363636,0.224089636,0.151300236,0.07029877,0.203488372,0.397058824,0.2039801,0.145669291,0.057239057,0.130563798,0.129370629,0.175531915,0.208494208,0.137724551,0.112903226
1935-01-01,216,,416,204,665,445,715,706,378,267,,394,576,419,418,360,,289,435,558,653,532,449,174,,475,405,667,504,631,293,732,267,271,519,296,459,524,655,228,305,263,325,391,415,354,491,338,461,498,0.043478261,#DIV/0!,0.149171271,0.120879121,0.099173554,0.196236559,0.081694402,0.091190108,0.086206897,0.107883817,#DIV/0!,0.01285347,0.133858268,0.173669468,0.542435424,0.25,#DIV/0!,0.098859316,0.040669856,0.04887218,0.056634304,0.171806167,0.250696379,0.041916168,#DIV/0!,0.301369863,0.534090909,0.191071429,0.05,0.091695502,0.191056911,0.063953488,0.08097166,0.472826087,0.135667396,0.184,0.050343249,0.075975359,0.075533662,0.101449275,0.605263158,0.08677686,0.116838488,0.24522293,0.089238845,0.095975232,0.110859729,0.079872204,0.213157895,0.202898551
1936-01-01,249,,462,243,776,542,815,872,453,300,,466,654,481,391,387,,328,509,627,725,621,474,222,,478,395,845,542,715,343,819,294,238,597,322,547,608,721,256,248,303,372,463,470,394,570,391,518,552,0.152777778,#DIV/0!,0.110576923,0.191176471,0.166917293,0.217977528,0.13986014,0.235127479,0.198412698,0.123595506,#DIV/0!,0.182741117,0.135416667,0.14797136,-0.064593301,0.075,#DIV/0!,0.134948097,0.170114943,0.123655914,0.110260337,0.167293233,0.055679287,0.275862069,#DIV/0!,0.006315789,-0.024691358,0.266866567,0.075396825,0.133122029,0.170648464,0.118852459,0.101123596,-0.121771218,0.150289017,0.087837838,0.191721133,0.160305344,0.100763359,0.122807018,-0.186885246,0.152091255,0.144615385,0.184143223,0.13253012,0.11299435,0.16089613,0.156804734,0.123644252,0.108433735
1937-01-01,266,,506,253,801,534,870,955,491,312,,421,734,546,513,427,,352,514,674,742,687,538,220,,514,414,775,570,753,362,848,321,324,651,375,556,643,742,271,321,332,418,447,485,426,601,419,551,606,0.068273092,#DIV/0!,0.095238095,0.041152263,0.032216495,-0.014760148,0.067484663,0.095183486,0.08388521,0.04,#DIV/0!,-0.096566524,0.122324159,0.135135135,0.31202046,0.103359173,#DIV/0!,0.073170732,0.009823183,0.074960128,0.023448276,0.106280193,0.135021097,-0.009009009,#DIV/0!,0.075313808,0.048101266,-0.082840237,0.051660517,0.053146853,0.055393586,0.035409035,0.091836735,0.361344538,0.090452261,0.164596273,0.016453382,0.057565789,0.029126214,0.05859375,0.294354839,0.095709571,0.123655914,-0.034557235,0.031914894,0.081218274,0.054385965,0.071611253,0.063706564,0.097826087
1938-01-01,242,,479,228,779,508,779,801,466,288,,421,652,472,451,383,,347,476,644,683,574,493,196,,515,402,785,537,704,338,801,291,282,565,345,531,570,683,248,317,298,404,446,458,394,583,371,508,560,-0.090225564,#DIV/0!,-0.053359684,-0.098814229,-0.027465668,-0.048689139,-0.104597701,-0.161256545,-0.050916497,-0.076923077,#DIV/0!,0,-0.111716621,-0.135531136,-0.1208577,-0.103044496,#DIV/0!,-0.014204545,-0.073929961,-0.044510386,-0.079514825,-0.164483261,-0.083643123,-0.109090909,#DIV/0!,0.001945525,-0.028985507,0.012903226,-0.057894737,-0.065073041,-0.066298343,-0.055424528,-0.093457944,-0.12962963,-0.132104455,-0.08,-0.044964029,-0.113530327,-0.079514825,-0.084870849,-0.012461059,-0.102409639,-0.033492823,-0.002237136,-0.055670103,-0.075117371,-0.029950083,-0.114558473,-0.078039927,-0.075907591
1939-01-01,251,,491,246,790,519,847,907,502,308,,431,710,518,468,382,,359,500,673,736,628,517,201,,530,399,864,566,757,356,837,312,316,620,348,571,609,732,275,341,310,417,460,492,431,618,390,515,586,0.037190083,#DIV/0!,0.025052192,0.078947368,0.014120668,0.021653543,0.087291399,0.132334582,0.077253219,0.069444444,#DIV/0!,0.023752969,0.088957055,0.097457627,0.037694013,-0.002610966,#DIV/0!,0.034582133,0.050420168,0.045031056,0.077598829,0.094076655,0.048681542,0.025510204,#DIV/0!,0.029126214,-0.007462687,0.100636943,0.054003724,0.075284091,0.053254438,0.04494382,0.072164948,0.120567376,0.097345133,0.008695652,0.075329567,0.068421053,0.071742313,0.108870968,0.075709779,0.040268456,0.032178218,0.031390135,0.074235808,0.093908629,0.060034305,0.051212938,0.013779528,0.046428571
1940-01-01,281,,506,257,856,548,931,1038,531,338,,459,758,552,494,425,,365,532,723,793,683,524,212,,566,440,902,586,830,377,883,323,352,664,374,611,659,767,314,357,339,438,484,519,480,667,409,548,602,0.119521912,#DIV/0!,0.030549898,0.044715447,0.083544304,0.055876686,0.099173554,0.144432194,0.057768924,0.097402597,#DIV/0!,0.064965197,0.067605634,0.065637066,0.055555556,0.112565445,#DIV/0!,0.016713092,0.064,0.074294205,0.077445652,0.087579618,0.013539652,0.054726368,#DIV/0!,0.067924528,0.102756892,0.043981481,0.035335689,0.096433289,0.058988764,0.054958184,0.03525641,0.113924051,0.070967742,0.074712644,0.070052539,0.082101806,0.047814208,0.141818182,0.046920821,0.093548387,0.050359712,0.052173913,0.054878049,0.113689095,0.079288026,0.048717949,0.06407767,0.027303754
1941-01-01,379,,649,344,1034,655,1159,1179,634,432,,594,901,726,603,556,,465,641,896,921,834,616,316,,708,548,1001,720,969,476,1012,430,521,828,436,823,786,958,415,470,441,539,600,650,614,885,500,673,793,0.348754448,#DIV/0!,0.282608696,0.338521401,0.207943925,0.195255474,0.244897959,0.13583815,0.193973635,0.278106509,#DIV/0!,0.294117647,0.188654354,0.315217391,0.220647773,0.308235294,#DIV/0!,0.273972603,0.204887218,0.239280775,0.161412358,0.221083455,0.175572519,0.490566038,#DIV/0!,0.250883392,0.245454545,0.109756098,0.228668942,0.16746988,0.262599469,0.146092865,0.33126935,0.480113636,0.246987952,0.165775401,0.346972177,0.192716237,0.249022164,0.321656051,0.316526611,0.300884956,0.230593607,0.239669421,0.252408478,0.279166667,0.326836582,0.222493888,0.22810219,0.317275748
1942-01-01,532,,953,491,1324,917,1440,1312,837,592,,919,1049,919,829,860,,617,873,1157,1102,1058,799,457,,901,823,1592,871,1185,656,1191,588,658,1032,639,1132,965,1189,580,755,570,742,907,783,847,1233,617,872,974,0.403693931,#DIV/0!,0.468412943,0.427325581,0.280464217,0.4,0.242450388,0.112807464,0.320189274,0.37037037,#DIV/0!,0.547138047,0.164261931,0.26584022,0.374792703,0.54676259,#DIV/0!,0.32688172,0.361934477,0.291294643,0.196525516,0.268585132,0.297077922,0.446202532,#DIV/0!,0.27259887,0.501824818,0.59040959,0.209722222,0.222910217,0.378151261,0.17687747,0.36744186,0.262955854,0.246376812,0.46559633,0.37545565,0.227735369,0.241127349,0.397590361,0.606382979,0.292517007,0.376623377,0.511666667,0.204615385,0.379478827,0.393220339,0.234,0.295690936,0.228247163
1943-01-01,676,,1045,572,1589,1067,1621,1491,1057,749,,1040,1278,1150,1024,1062,,811,1126,1325,1296,1372,955,553,,1155,1029,1550,1002,1454,803,1416,713,959,1273,802,1403,1169,1246,675,853,745,970,1164,947,887,1507,748,1065,1171,0.270676692,#DIV/0!,0.096537251,0.16496945,0.200151057,0.163576881,0.125694444,0.136432927,0.262843489,0.265202703,#DIV/0!,0.131664853,0.218303146,0.251360174,0.23522316,0.234883721,#DIV/0!,0.314424635,0.289805269,0.145203111,0.176043557,0.296786389,0.195244055,0.210065646,#DIV/0!,0.28190899,0.250303767,-0.02638191,0.150401837,0.227004219,0.224085366,0.188916877,0.212585034,0.457446809,0.233527132,0.255086072,0.239399293,0.211398964,0.047939445,0.163793103,0.129801325,0.307017544,0.307277628,0.283351709,0.20945083,0.047225502,0.222222222,0.212317666,0.221330275,0.202258727
1944-01-01,753,,1076,698,1616,1087,1622,1529,1154,852,,1110,1405,1209,1004,1182,,896,1123,1359,1330,1403,1012,642,,1185,1101,1526,1082,1576,908,1569,778,1020,1330,965,1402,1272,1312,753,976,879,1068,1078,963,938,1557,829,1116,1243,0.113905325,#DIV/0!,0.029665072,0.22027972,0.016991819,0.018744142,0.000616903,0.025486251,0.091769158,0.137516689,#DIV/0!,0.067307692,0.099374022,0.051304348,-0.01953125,0.11299435,#DIV/0!,0.104808878,-0.002664298,0.025660377,0.026234568,0.022594752,0.059685864,0.160940325,#DIV/0!,0.025974026,0.069970845,-0.015483871,0.079840319,0.083906465,0.130759651,0.108050847,0.091164095,0.063607925,0.044776119,0.203241895,-0.000712758,0.088109495,0.052969502,0.115555556,0.144196952,0.179865772,0.101030928,-0.073883162,0.016895459,0.057497182,0.0331785,0.10828877,0.047887324,0.061485909
1945-01-01,799,,1150,753,1620,1213,1592,1552,1215,899,,1144,1488,1265,1096,1179,,908,1101,1349,1382,1342,1119,640,,1212,1197,1658,1139,1609,971,1681,835,1037,1361,989,1372,1305,1318,772,1083,926,1082,1153,1047,987,1452,900,1191,1274,0.061088977,#DIV/0!,0.068773234,0.078796562,0.002475248,0.115915363,-0.018495684,0.015042511,0.052859619,0.055164319,#DIV/0!,0.030630631,0.059074733,0.046319272,0.091633466,-0.002538071,#DIV/0!,0.013392857,-0.019590383,-0.007358352,0.039097744,-0.043478261,0.105731225,-0.003115265,#DIV/0!,0.02278481,0.08719346,0.086500655,0.052680222,0.020939086,0.06938326,0.071383047,0.073264781,0.016666667,0.023308271,0.024870466,-0.021398003,0.025943396,0.004573171,0.025232404,0.109631148,0.053469852,0.013108614,0.069573284,0.087227414,0.052238806,-0.06743738,0.085645356,0.067204301,0.024939662
1946-01-01,763,,1131,760,1706,1231,1600,1579,1200,859,,1203,1550,1211,1238,1142,,845,1148,1352,1422,1338,1193,618,,1309,1187,1786,1168,1547,947,1725,875,1079,1324,960,1390,1305,1405,791,1121,880,1061,1121,1096,1050,1432,931,1214,1365,-0.04505632,#DIV/0!,-0.016521739,0.009296149,0.05308642,0.014839242,0.005025126,0.017396907,-0.012345679,-0.044493882,#DIV/0!,0.051573427,0.041666667,-0.042687747,0.129562044,-0.031382528,#DIV/0!,-0.06938326,0.042688465,0.00222387,0.02894356,-0.002980626,0.066130474,-0.034375,#DIV/0!,0.080033003,-0.008354219,0.077201448,0.025460931,-0.03853325,-0.024716787,0.026174896,0.047904192,0.040501446,-0.027185893,-0.029322548,0.013119534,0,0.066009105,0.024611399,0.035087719,-0.049676026,-0.019408503,-0.027753686,0.046800382,0.063829787,-0.013774105,0.034444444,0.019311503,0.071428571
1947-01-01,809,,1199,740,1724,1372,1721,1677,1195,896,,1273,1651,1316,1211,1304,,890,1182,1385,1458,1474,1271,669,,1480,1269,1791,1233,1589,1026,1751,905,1467,1411,1031,1515,1378,1488,803,1254,896,1154,1196,1132,1052,1531,1036,1298,1511,0.060288336,#DIV/0!,0.060123784,-0.026315789,0.010550996,0.114541024,0.075625,0.062064598,-0.004166667,0.043073341,#DIV/0!,0.058187864,0.06516129,0.086705202,-0.02180937,0.141856392,#DIV/0!,0.053254438,0.029616725,0.024408284,0.025316456,0.101644245,0.065381391,0.082524272,#DIV/0!,0.130634072,0.069081719,0.002799552,0.055650685,0.027149321,0.083421331,0.015072464,0.034285714,0.359592215,0.06570997,0.073958333,0.089928058,0.055938697,0.059074733,0.01517067,0.118644068,0.018181818,0.087653157,0.06690455,0.032846715,0.001904762,0.069134078,0.112781955,0.069192751,0.106959707
1948-01-01,881,,1354,881,1816,1489,1742,1679,1240,997,,1352,1817,1448,1621,1350,,1023,1270,1548,1532,1561,1451,797,,1638,1545,1811,1312,1667,1156,1783,1008,1462,1541,1144,1676,1437,1468,926,1503,970,1221,1287,1220,1202,1678,1105,1436,1635,0.088998764,#DIV/0!,0.129274395,0.190540541,0.053364269,0.085276968,0.012202208,0.001192606,0.037656904,0.112723214,#DIV/0!,0.06205813,0.100545124,0.100303951,0.338563171,0.035276074,#DIV/0!,0.149438202,0.074450085,0.117689531,0.050754458,0.059023066,0.141620771,0.191330344,#DIV/0!,0.106756757,0.21749409,0.011166946,0.064071371,0.049087476,0.126705653,0.018275271,0.113812155,-0.003408316,0.092133239,0.109602328,0.106270627,0.042815675,-0.01344086,0.153175592,0.198564593,0.082589286,0.058058925,0.076086957,0.077738516,0.142585551,0.096015676,0.066602317,0.106317411,0.082064858
1949-01-01,838,,1343,818,1800,1478,1682,1804,1246,983,,1297,1690,1357,1362,1314,,1082,1214,1541,1498,1523,1335,711,,1433,1361,1868,1297,1639,1188,1738,978,1231,1456,1180,1641,1403,1414,885,1121,959,1319,1295,1147,1185,1656,1016,1391,1702,-0.048808173,#DIV/0!,-0.008124077,-0.071509648,-0.008810573,-0.007387508,-0.034443169,0.074449077,0.00483871,-0.014042126,#DIV/0!,-0.040680473,-0.069895432,-0.062845304,-0.159777915,-0.026666667,#DIV/0!,0.057673509,-0.044094488,-0.004521964,-0.022193211,-0.02434337,-0.079944866,-0.107904642,#DIV/0!,-0.125152625,-0.119093851,0.031474324,-0.011432927,-0.016796641,0.027681661,-0.025238362,-0.029761905,-0.158002736,-0.055158988,0.031468531,-0.020883055,-0.023660404,-0.036784741,-0.044276458,-0.25415835,-0.011340206,0.08026208,0.006216006,-0.059836066,-0.014143095,-0.013110846,-0.080542986,-0.031337047,0.040978593
1950-01-01,919,2899,1408,849,1947,1584,1918,2082,1351,1087,1580,1352,1842,1525,1539,1481,,1132,1226,1702,1685,1717,1447,780,,1678,1583,2089,1373,1820,1260,1868,1095,1388,1611,1164,1695,1552,1601,943,1298,1040,1392,1391,1189,1327,1797,1051,1515,1792,0.096658711,#DIV/0!,0.048399106,0.037897311,0.081666667,0.071718539,0.140309156,0.154101996,0.084269663,0.105798576,#DIV/0!,0.042405551,0.089940828,0.123802506,0.129955947,0.127092846,#DIV/0!,0.046210721,0.009884679,0.104477612,0.124833111,0.127380171,0.083895131,0.097046414,#DIV/0!,0.170969993,0.163115356,0.118308351,0.058596762,0.110433191,0.060606061,0.074798619,0.119631902,0.127538587,0.106456044,-0.013559322,0.032906764,0.106200998,0.132248939,0.065536723,0.157894737,0.084462982,0.055344958,0.074131274,0.036617262,0.119831224,0.085144928,0.034448819,0.0891445,0.052878966
1951-01-01,1071,3401,1677,970,2166,1881,2191,2168,1440,1240,1839,1532,2041,1719,1647,1622,,1234,1360,1895,1857,1896,1595,866,,1834,1667,2315,1538,2024,1410,2020,1217,1480,1841,1319,1876,1719,1779,1158,1520,1140,1524,1600,1364,1512,1955,1179,1750,2023,0.165397171,0.17316316,0.191051136,0.142520612,0.11248074,0.1875,0.142335766,0.041306436,0.065877128,0.14075437,0.163924051,0.133136095,0.108034745,0.127213115,0.070175439,0.095205942,#DIV/0!,0.090106007,0.109298532,0.113396005,0.102077151,0.104251602,0.102280581,0.11025641,#DIV/0!,0.092967819,0.053063803,0.108185735,0.1201748,0.112087912,0.119047619,0.08137045,0.111415525,0.066282421,0.142768467,0.133161512,0.106784661,0.107603093,0.111180512,0.227995758,0.171032357,0.096153846,0.094827586,0.150251618,0.147182506,0.139412208,0.087924318,0.121788773,0.155115512,0.12890625
1952-01-01,1137,3255,1779,1043,2303,1973,2336,2258,1539,1322,2056,1693,2106,1786,1743,1864,,1309,1490,2039,1944,1984,1650,921,,1855,1797,2513,1612,2144,1506,2075,1256,1351,1923,1438,1961,1797,1835,1238,1357,1200,1606,1657,1410,1615,2063,1244,1814,1986,0.06162465,-0.04292855,0.060822898,0.075257732,0.063250231,0.048910154,0.066179827,0.041512915,0.06875,0.066129032,0.117998912,0.105091384,0.031847134,0.038976149,0.058287796,0.14919852,#DIV/0!,0.060777958,0.095588235,0.075989446,0.046849758,0.046413502,0.034482759,0.063510393,#DIV/0!,0.011450382,0.077984403,0.085529158,0.048114434,0.059288538,0.068085106,0.027227723,0.032046015,-0.087162162,0.04454101,0.090219864,0.045309168,0.045375218,0.031478359,0.069084629,-0.107236842,0.052631579,0.053805774,0.035625,0.03372434,0.068121693,0.055242967,0.055131467,0.036571429,-0.018289669
1953-01-01,1193,3169,1778,1084,2345,1905,2431,2350,1636,1369,2114,1596,2223,1952,1676,1779,,1374,1505,2115,1994,2198,1731,955,,1842,1705,2574,1692,2262,1536,2160,1304,1372,2031,1518,1973,1903,1930,1274,1483,1300,1641,1667,1463,1647,2168,1273,1850,2005,0.049252419,-0.026420891,-0.000562114,0.039309684,0.018237082,-0.034465281,0.040667808,0.040744021,0.06302794,0.035552194,0.028210117,-0.057294743,0.055555556,0.092945129,-0.038439472,-0.045600858,#DIV/0!,0.049656226,0.010067114,0.037273173,0.025720165,0.107862903,0.049090909,0.036916395,#DIV/0!,-0.007008086,-0.051196439,0.024273776,0.049627792,0.055037313,0.019920319,0.040963855,0.038216561,0.015544041,0.056162246,0.055632823,0.006119327,0.058987201,0.051771117,0.02907916,0.092851879,0.083333333,0.021793275,0.006035003,0.037588652,0.019814241,0.050896752,0.023311897,0.019845645,0.009566969
1954-01-01,1167,2927,1766,1100,2323,1881,2389,2329,1628,1351,2110,1612,2193,1810,1815,1839,,1364,1508,2032,1973,2069,1748,946,,1807,1793,2542,1746,2246,1557,2190,1330,1407,1974,1504,1929,1835,1931,1210,1509,1300,1681,1640,1491,1677,2183,1223,1786,1935,-0.021793797,-0.076364784,-0.006749156,0.014760148,-0.009381663,-0.012598425,-0.017276841,-0.00893617,-0.004889976,-0.013148283,-0.001892148,0.010025063,-0.013495277,-0.072745902,0.082935561,0.033726813,#DIV/0!,-0.00727802,0.001993355,-0.039243499,-0.010531595,-0.058689718,0.009820913,-0.009424084,#DIV/0!,-0.019001086,0.051612903,-0.012432012,0.031914894,-0.007073386,0.013671875,0.013888889,0.01993865,0.025510204,-0.028064993,-0.009222661,-0.022301064,-0.035733053,0.000518135,-0.050235479,0.01753203,0,0.024375381,-0.016196761,0.019138756,0.018214936,0.006918819,-0.039277298,-0.034594595,-0.034912718
1955-01-01,1305,2886,1833,1202,2478,1979,2516,2542,1743,1475,2105,1651,2288,1908,1696,1800,,1419,1644,2141,2116,2229,1818,1069,,1934,1693,2657,1869,2322,1641,2310,1404,1544,2098,1560,2048,1923,2040,1272,1391,1351,1752,1738,1560,1754,2222,1318,1891,2006,0.118251928,-0.014007516,0.037938845,0.092727273,0.066724064,0.052099947,0.053160318,0.09145556,0.070638821,0.091783864,-0.002369668,0.024193548,0.043319653,0.054143646,-0.065564738,-0.021207178,#DIV/0!,0.040322581,0.090185676,0.053641732,0.072478459,0.077332044,0.040045767,0.130021142,#DIV/0!,0.070282236,-0.055772448,0.045239969,0.070446735,0.033837934,0.053949904,0.054794521,0.055639098,0.097370291,0.062816616,0.037234043,0.061689995,0.047956403,0.056447437,0.051239669,-0.078197482,0.039230769,0.042236764,0.059756098,0.046277666,0.045915325,0.017865323,0.077677841,0.058790594,0.036692506
1956-01-01,1390,3022,1937,1262,2597,2078,2730,2797,1870,1552,2130,1792,2473,2011,1784,1871,,1532,1733,2281,2241,2270,1864,1077,,1971,1718,2634,1951,2469,1725,2432,1473,1615,2193,1642,2146,2071,2081,1306,1474,1448,1837,1835,1697,1829,2277,1478,2007,2115,0.0651341,0.047124047,0.056737589,0.049916805,0.048022599,0.050025265,0.085055644,0.100314713,0.07286288,0.05220339,0.011876485,0.085402786,0.080856643,0.053983229,0.051886792,0.039444444,#DIV/0!,0.079633545,0.054136253,0.065390005,0.059073724,0.018393899,0.02530253,0.00748363,#DIV/0!,0.019131334,0.014766686,-0.008656379,0.043873729,0.063307494,0.0511883,0.052813853,0.049145299,0.045984456,0.04528122,0.052564103,0.047851563,0.076963079,0.020098039,0.02672956,0.059669303,0.071798668,0.048515982,0.055811277,0.087820513,0.042759407,0.024752475,0.121396055,0.061343205,0.054336989
1957-01-01,1460,2897,1984,1280,2683,2223,2859,2697,1915,1580,2161,1857,2542,2046,1969,1966,,1650,1793,2377,2350,2304,1958,1088,,2034,1996,2719,2065,2575,1842,2542,1462,1662,2256,1711,2133,2184,2110,1337,1737,1507,1913,1950,1764,1868,2371,1597,2078,2234,0.050359712,-0.041363336,0.024264326,0.014263074,0.033115133,0.069778633,0.047252747,-0.035752592,0.024064171,0.018041237,0.014553991,0.036272321,0.027901334,0.017404276,0.103699552,0.050774987,#DIV/0!,0.077023499,0.034622043,0.042086804,0.048639,0.014977974,0.050429185,0.010213556,#DIV/0!,0.03196347,0.161816065,0.032270311,0.058431574,0.042932361,0.067826087,0.045230263,-0.007467753,0.029102167,0.02872777,0.042021924,-0.006057782,0.054563013,0.013935608,0.0237366,0.178426052,0.040745856,0.041371802,0.0626703,0.039481438,0.021323127,0.041282389,0.080514208,0.035376183,0.056264775
1958-01-01,1496,3001,1988,1339,2705,2272,2673,2728,1967,1631,2121,1882,2511,2023,2017,2144,,1669,1866,2337,2362,2233,2044,1180,,2124,2108,2780,2071,2480,1952,2608,1540,1931,2194,1856,2182,2175,2197,1368,1811,1553,1934,1973,1780,1895,2376,1587,2089,2257,0.024657534,0.035899206,0.002016129,0.04609375,0.008199776,0.022042285,-0.065057712,0.011494253,0.027154047,0.032278481,-0.018509949,0.013462574,-0.012195122,-0.011241447,0.024377857,0.090539166,#DIV/0!,0.011515152,0.040713887,-0.016827934,0.005106383,-0.030815972,0.04392237,0.084558824,#DIV/0!,0.044247788,0.056112224,0.022434719,0.002905569,-0.036893204,0.059717698,0.025963808,0.053351573,0.161853189,-0.02748227,0.084745763,0.022972339,-0.004120879,0.041232227,0.023186238,0.042602188,0.03052422,0.010977522,0.011794872,0.009070295,0.014453961,0.002108815,-0.006261741,0.005293551,0.010295434
1959-01-01,1553,3126,2076,1436,2847,2379,2769,2793,2091,1709,2290,1959,2639,2141,2053,2149,,1716,1924,2402,2468,2334,2090,1275,,2081,2112,2932,2198,2611,2022,2750,1619,1757,2331,1919,2322,2247,2317,1448,1621,1640,2013,2054,1879,2006,2480,1633,2237,2352,0.038101604,0.041652782,0.044265594,0.072442121,0.052495379,0.04709507,0.035914703,0.023826979,0.063040163,0.047823421,0.079679397,0.040913921,0.050975707,0.058329214,0.01784829,0.00233209,#DIV/0!,0.028160575,0.031082529,0.027813436,0.044877223,0.045230631,0.022504892,0.080508475,#DIV/0!,-0.020244821,0.001897533,0.054676259,0.061323032,0.052822581,0.035860656,0.054447853,0.051298701,-0.090108752,0.062443026,0.033943966,0.06416132,0.033103448,0.054619936,0.058479532,-0.104914412,0.056020605,0.040847983,0.041054232,0.055617978,0.058575198,0.043771044,0.028985507,0.070847295,0.042091272
1960-01-01,1585,3521,2162,1424,2931,2461,2860,2873,2105,1749,2516,1961,2698,2223,2085,2211,,1715,2002,2486,2548,2411,2182,1267,,2137,2216,3079,2271,2712,2004,2847,1666,1909,2410,1974,2366,2305,2358,1493,1940,1659,2020,2122,1975,2050,2539,1660,2270,2382,0.02060528,0.126359565,0.041425819,-0.008356546,0.029504742,0.034468264,0.03286385,0.028643036,0.006695361,0.0234055,0.098689956,0.001020929,0.022356953,0.03829986,0.015586946,0.028850628,#DIV/0!,-0.000582751,0.040540541,0.034970858,0.032414911,0.032990574,0.044019139,-0.00627451,#DIV/0!,0.026910139,0.049242424,0.050136426,0.033212011,0.038682497,-0.008902077,0.035272727,0.029030266,0.086511098,0.033891034,0.028660761,0.018949182,0.025812194,0.017695296,0.031077348,0.196792104,0.011585366,0.003477397,0.033106134,0.051091006,0.021934197,0.023790323,0.016533987,0.0147519,0.012755102
1961-01-01,1616,3347,2210,1535,2986,2540,2978,2888,2130,1799,2661,2035,2792,2264,2207,2275,,1770,1987,2593,2647,2402,2263,1359,,2090,2223,3153,2356,2777,2073,2936,1729,1730,2426,2006,2435,2342,2457,1556,1924,1733,2092,2187,2053,2126,2640,1705,2315,2461,0.01955836,-0.049417779,0.022201665,0.077949438,0.018764927,0.032100772,0.041258741,0.005221023,0.011876485,0.028587764,0.057631161,0.037735849,0.034840623,0.018443545,0.058513189,0.028946178,#DIV/0!,0.032069971,-0.007492507,0.04304103,0.038854003,-0.003732891,0.037121907,0.07261247,#DIV/0!,-0.021993449,0.003158845,0.024033777,0.037428446,0.023967552,0.034431138,0.031260976,0.037815126,-0.09376637,0.006639004,0.01621074,0.029163145,0.016052061,0.041984733,0.042196919,-0.008247423,0.044605184,0.035643564,0.03063148,0.039493671,0.037073171,0.039779441,0.027108434,0.019823789,0.033165407
1962-01-01,1695,3378,2277,1600,3110,2602,3108,3014,2209,1901,2750,2150,2907,2421,2307,2351,,1841,2067,2727,2773,2561,2356,1397,,2437,2386,3369,2464,2936,2124,3055,1840,2441,2539,2054,2542,2452,2603,1658,2154,1815,2147,2326,2139,2248,2788,1800,2423,2580,0.048886139,0.009262026,0.030316742,0.042345277,0.041527127,0.024409449,0.043653459,0.043628809,0.037089202,0.056698166,0.033446073,0.056511057,0.041189112,0.06934629,0.045310376,0.033406593,#DIV/0!,0.040112994,0.040261701,0.051677594,0.047601058,0.066194838,0.04109589,0.027961737,#DIV/0!,0.166028708,0.073324336,0.068506185,0.045840407,0.057256032,0.024602026,0.040531335,0.064198959,0.410982659,0.04657873,0.023928215,0.043942505,0.046968403,0.059422059,0.065552699,0.11954262,0.047316792,0.026290631,0.063557385,0.041889917,0.05738476,0.056060606,0.055718475,0.046652268,0.048354328
1963-01-01,1782,3518,2315,1676,3211,2673,3187,3140,2299,2024,2949,2230,2989,2509,2455,2420,,1944,2137,2815,2845,2692,2486,1534,,2406,2433,3350,2503,3008,2174,3160,1921,2249,2630,2112,2626,2530,2703,1728,2081,1902,2219,2377,2195,2364,2841,1893,2465,2616,0.051327434,0.041444642,0.016688625,0.0475,0.032475884,0.027286703,0.025418275,0.04180491,0.040742417,0.064702788,0.072363636,0.037209302,0.028207774,0.036348616,0.064152579,0.029349213,#DIV/0!,0.055947854,0.033865506,0.032269894,0.025964659,0.051151894,0.055178268,0.098067287,#DIV/0!,-0.012720558,0.01969824,-0.005639656,0.015827922,0.024523161,0.02354049,0.034369885,0.044021739,-0.078656288,0.035840882,0.028237585,0.033044847,0.031810767,0.038417211,0.042219542,-0.033890436,0.047933884,0.033535165,0.021926053,0.026180458,0.051601423,0.019010043,0.051666667,0.017333884,0.013953488
1964-01-01,1914,3835,2427,1799,3383,2779,3336,3302,2449,2148,3125,2316,3142,2639,2571,2558,,2036,2309,2974,2980,2904,2566,1590,,2447,2491,3388,2635,3163,2260,3351,2055,2220,2781,2256,2773,2684,2849,1845,2062,2016,2354,2492,2340,2559,2968,2019,2619,2673,0.074074074,0.090108016,0.04838013,0.073389021,0.053565867,0.039655817,0.046752432,0.051592357,0.065245759,0.061264822,0.059681248,0.038565022,0.051187688,0.051813472,0.047250509,0.057024793,#DIV/0!,0.047325103,0.080486664,0.056483126,0.04745167,0.078751857,0.032180209,0.036505867,#DIV/0!,0.017040732,0.023838882,0.011343284,0.052736716,0.051529255,0.039558418,0.060443038,0.069755336,-0.01289462,0.057414449,0.068181818,0.055978675,0.060869565,0.054014058,0.067708333,-0.009130226,0.059936909,0.060838215,0.048380311,0.066059226,0.08248731,0.04470257,0.066561014,0.062474645,0.021788991
1965-01-01,2048,4016,2528,1902,3531,2942,3514,3561,2599,2331,3412,2615,3373,2877,2851,2731,,2174,2482,3144,3148,3156,2808,1722,,2629,2761,3480,2787,3344,2383,3531,2194,2584,2970,2424,2933,2854,3049,2024,2350,2182,2507,2599,2530,2729,3190,2171,2788,2818,0.070010449,0.047196871,0.041615163,0.05725403,0.043748153,0.058654192,0.053357314,0.078437311,0.06124949,0.085195531,0.09184,0.1291019,0.073520051,0.090185676,0.10890704,0.067630962,#DIV/0!,0.067779961,0.07492421,0.057162071,0.056375839,0.08677686,0.09431021,0.083018868,#DIV/0!,0.074376788,0.108390205,0.027154664,0.057685009,0.057224154,0.054424779,0.053715309,0.067639903,0.163963964,0.067961165,0.074468085,0.057699243,0.063338301,0.07020007,0.09701897,0.139670223,0.08234127,0.064995752,0.0429374,0.081196581,0.0664322,0.074797844,0.075284794,0.064528446,0.054246165
1966-01-01,2184,4276,2701,2109,3784,3127,3797,3687,2781,2545,3674,2638,3608,3058,3082,2933,,2369,2632,3377,3369,3379,3023,1879,,2814,2995,3656,3031,3577,2517,3768,2421,2623,3200,2585,3107,3066,3307,2251,2574,2387,2713,2727,2808,2923,3498,2318,3016,2967,0.06640625,0.064741036,0.068433544,0.108832808,0.07165109,0.062882393,0.080535003,0.035383319,0.070026933,0.091806092,0.076787808,0.008795411,0.069670916,0.062912756,0.081024202,0.07396558,#DIV/0!,0.089696412,0.060435133,0.074109415,0.070203304,0.070659062,0.076566952,0.091173055,#DIV/0!,0.070368962,0.084751901,0.050574713,0.087549336,0.069677033,0.056231641,0.067119796,0.103463993,0.015092879,0.077441077,0.066419142,0.059324923,0.07428171,0.084617908,0.11215415,0.095319149,0.093950504,0.082169924,0.049249711,0.109881423,0.071088311,0.096551724,0.067710732,0.081779053,0.052874379
1967-01-01,2311,4545,2879,2238,4001,3294,4118,3868,3007,2750,3915,2808,3801,3170,3105,3075,,2576,2750,3615,3622,3475,3211,2048,,2895,3097,3857,3235,3810,2620,4044,2588,2714,3325,2784,3278,3279,3546,2416,2662,2532,2934,2849,2969,3161,3689,2465,3161,3184,0.058150183,0.062909261,0.065901518,0.06116643,0.057346723,0.05340582,0.084540427,0.049091402,0.081265732,0.080550098,0.065596081,0.06444276,0.053492239,0.036625245,0.007462687,0.048414593,#DIV/0!,0.087378641,0.044832827,0.070476755,0.075096468,0.028410772,0.062189878,0.089941458,#DIV/0!,0.028784648,0.034056761,0.054978118,0.06730452,0.065138384,0.040921732,0.073248408,0.06897976,0.0346931,0.0390625,0.076982592,0.055037013,0.069471624,0.07227094,0.073300755,0.034188034,0.060745706,0.081459639,0.044737807,0.057336182,0.081423195,0.05460263,0.063416739,0.048076923,0.07313785
1968-01-01,2536,4790,3233,2419,4334,3539,4328,4148,3355,2986,4338,2971,4055,3419,3335,3321,,2805,2958,3932,3938,3813,3493,2250,,3040,3282,4340,3513,4135,2854,4435,2825,2864,3633,3032,3524,3546,3820,2656,2861,2809,3203,3024,3215,3459,3986,2622,3428,3375,0.09736045,0.053905391,0.122959361,0.080875782,0.083229193,0.074377656,0.050995629,0.072388831,0.115729963,0.085818182,0.108045977,0.058048433,0.06682452,0.078548896,0.074074074,0.08,#DIV/0!,0.088897516,0.075636364,0.08769018,0.087244616,0.097266187,0.087823108,0.098632813,#DIV/0!,0.050086356,0.059735228,0.12522686,0.085935085,0.085301837,0.089312977,0.096686449,0.091576507,0.055268976,0.092631579,0.08908046,0.07504576,0.081427264,0.077270164,0.099337748,0.074755823,0.109399684,0.091683708,0.061425061,0.082856181,0.094273964,0.080509623,0.063691684,0.084466941,0.059987437
1969-01-01,2831,5322,3643,2681,4676,3896,4898,4521,3765,3292,4903,3382,4392,3741,3698,3665,,2975,3262,4456,4255,4107,3829,2496,,3387,3649,4747,3842,4581,3109,4619,3152,3205,3957,3335,3798,3862,4015,2959,3108,3032,3493,3254,3468,3868,4258,2832,3752,3704,0.116324921,0.111064718,0.126817198,0.108309219,0.078910937,0.100875954,0.131700555,0.089922854,0.122205663,0.102478232,0.130244352,0.13833726,0.083107275,0.094179585,0.108845577,0.103583258,#DIV/0!,0.060606061,0.102772143,0.133265514,0.080497715,0.077104642,0.096192385,0.109333333,#DIV/0!,0.114144737,0.11182206,0.093778802,0.093652149,0.107859734,0.089348283,0.041488162,0.115752212,0.119064246,0.089182494,0.099934037,0.077752554,0.089114495,0.05104712,0.114081325,0.08633345,0.079387682,0.090540119,0.076058201,0.078693624,0.118242267,0.068238836,0.080091533,0.094515753,0.097481481
1970-01-01,3081,5911,4020,2915,4965,4290,5158,4724,4131,3542,5538,3691,4632,3849,3923,3956,,3195,3569,4867,4552,4200,4117,2736,,3735,3897,5191,3997,4909,3420,4920,3397,3397,4137,3634,4065,4135,4306,3225,3386,3264,3782,3558,3728,4157,4400,3156,3988,4038,0.088308018,0.110672679,0.103486138,0.087280865,0.061804962,0.101129363,0.053082891,0.04490157,0.097211155,0.075941677,0.129512543,0.091366056,0.054644809,0.028869286,0.060843699,0.079399727,#DIV/0!,0.07394958,0.09411404,0.092235189,0.069800235,0.022644266,0.075215461,0.096153846,#DIV/0!,0.102745793,0.067963826,0.093532758,0.040343571,0.071600087,0.100032165,0.06516562,0.077728426,0.059906396,0.045489007,0.089655172,0.070300158,0.070688762,0.072478207,0.089895235,0.089446589,0.07651715,0.082736902,0.093423479,0.074971165,0.074715615,0.03334899,0.11440678,0.062899787,0.090172786
1971-01-01,3345,6269,4354,3176,5209,4671,5394,5032,4433,3823,5791,3918,4936,4151,4082,4298,,3427,3764,5252,4834,4530,4353,2974,,3920,4234,5501,4225,5229,3677,5234,3626,3868,4376,3882,4364,4362,4499,3449,3684,3538,4007,3855,3967,4505,4595,3418,4251,4404,0.085686465,0.060565048,0.083084577,0.089536878,0.049144008,0.088811189,0.045754168,0.065198984,0.073105786,0.07933371,0.045684363,0.061500948,0.065630397,0.078461938,0.040530206,0.086450961,#DIV/0!,0.072613459,0.054637153,0.079104171,0.061950791,0.078571429,0.057323294,0.086988304,#DIV/0!,0.049531459,0.086476777,0.059718744,0.057042782,0.065186392,0.075146199,0.063821138,0.067412423,0.138651752,0.057771332,0.068244359,0.073554736,0.054897219,0.04482118,0.069457364,0.088009451,0.083946078,0.059492332,0.083473862,0.064109442,0.083714217,0.044318182,0.083016477,0.065947844,0.09063893
1972-01-01,3672,6636,4711,3504,5652,5064,5800,5446,4860,4203,6170,4329,5332,4503,4559,4772,,3698,4047,5679,5203,5001,4714,3327,,4492,4645,5847,4557,5642,4039,5603,4025,4576,4743,4197,4788,4753,4836,3792,4215,3906,4352,4179,4294,4922,4955,3729,4609,4856,0.097757848,0.058542032,0.081993569,0.103274559,0.085045114,0.084136159,0.075268817,0.08227345,0.096323032,0.099398378,0.065446382,0.104900459,0.080226904,0.084798844,0.116854483,0.110283853,#DIV/0!,0.079077911,0.075185972,0.081302361,0.076334299,0.10397351,0.082931312,0.11869536,#DIV/0!,0.145918367,0.097071327,0.062897655,0.078579882,0.078982597,0.098449823,0.070500573,0.11003861,0.183040331,0.083866545,0.08114374,0.09715857,0.089637781,0.074905535,0.099449116,0.144136808,0.104013567,0.086099326,0.084046693,0.082430048,0.092563818,0.078346028,0.090988882,0.084215479,0.102633969
1973-01-01,4088,7525,5145,4069,6123,5579,6319,5979,5371,4656,6643,4885,5947,5136,5466,5417,,4098,4498,6221,5632,5554,5500,3736,,5149,5382,6381,5005,6143,4421,6022,4491,6383,5252,4696,5291,5219,5158,4213,5310,4384,4835,4520,4661,5424,5532,4062,5125,5571,0.11328976,0.133966245,0.092124814,0.161244292,0.083333333,0.101698262,0.089482759,0.097869996,0.105144033,0.107780157,0.076661264,0.128436128,0.115341335,0.140572951,0.198947138,0.135163453,#DIV/0!,0.108166577,0.111440573,0.095439338,0.082452431,0.110577884,0.166737378,0.122933574,#DIV/0!,0.146260018,0.158665231,0.091328887,0.098310292,0.088798298,0.094577866,0.074781367,0.115776398,0.394886364,0.107316045,0.118894448,0.105054302,0.098043341,0.066583954,0.111023207,0.259786477,0.122375832,0.110983456,0.081598469,0.085468095,0.101991061,0.116448032,0.08930008,0.111954871,0.147240527
1974-01-01,4477,8827,5546,4453,6731,6142,6879,6426,5757,5019,7412,5566,6494,5472,5657,5848,,4620,4933,6751,6090,5918,5903,4056,,5521,5570,6746,5406,6673,4858,6533,4881,6304,5752,5153,5889,5743,5547,4655,5313,4778,5342,4930,4996,5924,6152,4481,5605,6317,0.095156556,0.173023256,0.077939747,0.094372082,0.09929773,0.100914142,0.088621617,0.074761666,0.071867436,0.077963918,0.115760951,0.139406346,0.091979149,0.065420561,0.034943286,0.079564335,#DIV/0!,0.127379209,0.096709649,0.085195306,0.081321023,0.065538351,0.073272727,0.085653105,#DIV/0!,0.072247038,0.034931252,0.057201066,0.08011988,0.086277063,0.098846415,0.08485553,0.086840347,-0.012376625,0.095201828,0.097316865,0.113022113,0.100402376,0.075416828,0.104913363,0.000564972,0.089872263,0.104860393,0.090707965,0.071872989,0.092182891,0.112075199,0.103151157,0.093658537,0.133907736
1975-01-01,4918,11205,5825,4769,7320,6670,7367,6844,6107,5354,7907,5850,7064,5907,6293,6358,,5113,5266,7265,6560,6340,6340,4360,,5978,6336,7331,5786,7203,5391,7066,5229,6549,6143,5677,6418,6259,6068,4963,5829,5138,5947,5341,5401,6404,6831,4991,6099,6853,0.098503462,0.269400702,0.050306527,0.070963395,0.087505571,0.085965484,0.070940544,0.065048242,0.060795553,0.066746364,0.066783594,0.051024075,0.087773329,0.079495614,0.112427081,0.087209302,#DIV/0!,0.106709957,0.067504561,0.076136869,0.077175698,0.071307874,0.074030154,0.07495069,#DIV/0!,0.08277486,0.137522442,0.086718055,0.070292268,0.079424547,0.109715932,0.081585795,0.071296865,0.038864213,0.067976356,0.101688337,0.089828494,0.089848511,0.093924644,0.066165414,0.097120271,0.075345333,0.113253463,0.08336714,0.081064852,0.081026334,0.110370611,0.113813881,0.088135593,0.084850404
1976-01-01,5438,12447,6309,5247,7975,7211,7951,7430,6557,5881,8367,6343,7644,6540,6640,6850,,5672,5915,7887,7078,7070,6801,4887,,6337,6597,7994,6418,7817,5846,7510,5745,6357,6752,6145,7091,6838,6600,5472,5726,5664,6528,5866,5928,6969,7424,5455,6676,7309,0.105734038,0.110843373,0.083090129,0.100230656,0.089480874,0.081109445,0.079272431,0.085622443,0.073685934,0.09843108,0.058176299,0.084273504,0.082106455,0.107160995,0.055140632,0.077382825,#DIV/0!,0.109329161,0.123243449,0.085615967,0.078963415,0.115141956,0.072712934,0.12087156,#DIV/0!,0.06005353,0.041193182,0.090437867,0.109229174,0.08524226,0.084399926,0.062836117,0.098680436,-0.029317453,0.099137229,0.082437907,0.104861328,0.09250679,0.087673039,0.102558936,-0.017670269,0.102374465,0.097696317,0.098296199,0.097574523,0.088226109,0.08681013,0.092967341,0.094605673,0.066540201
1977-01-01,5920,12789,6858,5736,8681,7854,8752,7971,7182,6396,8828,6726,8369,7197,7300,7413,,6234,6340,8505,7712,7913,7612,5375,,6739,7123,8815,7050,8554,6382,8158,6211,6564,7464,6733,7712,7505,7187,5886,6477,6174,7124,6412,6339,7613,8062,6012,7416,8203,0.088635528,0.0274765,0.087018545,0.093196112,0.088526646,0.089169325,0.100742045,0.072812921,0.095317981,0.087570141,0.055097406,0.060381523,0.094845631,0.100458716,0.09939759,0.082189781,#DIV/0!,0.099083216,0.071851226,0.07835679,0.089573326,0.119236209,0.11924717,0.099856763,#DIV/0!,0.063436958,0.079733212,0.102702027,0.098473045,0.094281694,0.091686623,0.086284953,0.081114012,0.032562529,0.105450237,0.095687551,0.0875758,0.097543141,0.088939394,0.075657895,0.13115613,0.090042373,0.09129902,0.093078759,0.069331984,0.092409241,0.0859375,0.102108158,0.110844817,0.122314954
1978-01-01,6609,13018,7768,6546,9661,8824,9720,8696,8064,7154,9640,7497,9213,7968,8406,8151,,7029,6939,9407,8522,8778,8487,5917,,7768,8208,10045,7932,9475,7148,8949,6922,8235,8231,7517,8592,8283,7868,6537,7460,6943,8023,7119,7171,8514,9101,6641,8249,9361,0.116385135,0.017906013,0.132691747,0.141213389,0.11289022,0.123503947,0.110603291,0.090954711,0.122807018,0.11851157,0.091980063,0.114629795,0.100848369,0.10712797,0.151506849,0.099554836,#DIV/0!,0.127526468,0.094479495,0.106055262,0.10503112,0.109313787,0.114950079,0.100837209,#DIV/0!,0.152693278,0.152323459,0.139534884,0.125106383,0.107668927,0.120025071,0.096960039,0.11447432,0.254570384,0.102759914,0.116441408,0.114107884,0.103664224,0.094754418,0.110601427,0.151767794,0.124554584,0.12619315,0.110262009,0.131250986,0.11835019,0.128876209,0.104624085,0.112324703,0.141167865
1979-01-01,7275,13745,8712,7090,10758,9820,10908,9547,8939,7850,10571,8009,10117,8732,9016,9251,,7846,7636,10311,9481,9566,9360,6633,,8298,8843,10945,8896,10493,7878,9831,7568,8445,9088,8557,9461,9155,8742,7219,8222,7620,8978,7748,7940,9425,10156,7335,9172,10437,0.100771675,0.055845752,0.121524202,0.083104186,0.113549322,0.11287398,0.122222222,0.097861086,0.108506944,0.09728823,0.096576763,0.068293984,0.098122219,0.095883534,0.072567214,0.134952767,#DIV/0!,0.11623275,0.10044675,0.09609865,0.112532269,0.089769879,0.102863203,0.121007267,#DIV/0!,0.06822863,0.077363548,0.089596814,0.121533031,0.107440633,0.102126469,0.098558498,0.093325628,0.025500911,0.104118576,0.138353066,0.101140596,0.105275866,0.111082867,0.104329203,0.102144772,0.097508282,0.119032781,0.088355106,0.107237484,0.107000235,0.115921327,0.104502334,0.111892351,0.114944985
1980-01-01,7957,15507,9671,7597,11945,11019,12365,10809,10145,8602,11867,8856,10950,9365,9607,10075,,8849,8567,11473,10684,10230,10282,7166,,9142,9386,11951,10039,11801,8647,11001,8348,8053,9924,9629,10234,10034,9898,7965,8269,8277,9983,8366,8790,10567,11130,8011,10034,11612,0.093745704,0.12819207,0.110078053,0.071509168,0.110336494,0.12209776,0.133571691,0.132188122,0.13491442,0.095796178,0.122599565,0.105756024,0.082336661,0.072491984,0.065550133,0.089071452,#DIV/0!,0.12783584,0.121922472,0.11269518,0.12688535,0.069412503,0.098504274,0.080355797,#DIV/0!,0.101711256,0.061404501,0.091914116,0.128484712,0.124654532,0.097613608,0.119011291,0.103065539,-0.046417999,0.091989437,0.125277551,0.081703837,0.096013108,0.132235186,0.103338413,0.005716371,0.086220472,0.111940299,0.079762519,0.107052897,0.121167109,0.095903899,0.092160873,0.093981683,0.112580243
1981-01-01,8796,17091,10764,8592,13158,12386,13821,11903,11354,9600,12711,9600,12136,10292,10894,11342,,10059,9401,12680,11873,10995,11321,8008,,10303,10859,12991,11229,13131,9604,12277,9317,10462,10813,11047,10933,11088,10980,8845,9646,9159,11413,9167,9832,11700,12133,8726,10920,12812,0.105441749,0.102147417,0.113018302,0.130972752,0.101548765,0.124058445,0.117751719,0.101211953,0.119172006,0.11601953,0.071121598,0.08401084,0.108310502,0.098985585,0.133964817,0.125756824,#DIV/0!,0.136738615,0.097350298,0.105203521,0.111287907,0.074780059,0.101050379,0.117499302,#DIV/0!,0.126996281,0.156935862,0.087022007,0.118537703,0.112702313,0.110674222,0.115989456,0.116075707,0.299143176,0.089580814,0.147263475,0.068301739,0.105042854,0.109315013,0.110483365,0.166525577,0.106560348,0.143243514,0.095744681,0.1185438,0.107220592,0.090116801,0.089252278,0.088299781,0.103341371
1982-01-01,9272,19424,11141,9024,13793,13230,14878,12742,11942,10242,13249,9961,12869,10686,11268,12213,,10656,10188,13685,13013,11499,12070,8395,,10741,11646,13343,12219,14142,10282,13327,9872,11141,11349,11907,11260,11859,11812,9320,10151,9696,12102,9669,10600,12535,12769,9268,11517,13066,0.054115507,0.136504593,0.035024155,0.05027933,0.048259614,0.06814145,0.076477824,0.070486432,0.051787916,0.066875,0.042325545,0.037604167,0.060398813,0.038282161,0.034330824,0.076794216,#DIV/0!,0.059349836,0.083714498,0.079258675,0.096016171,0.045839018,0.066160233,0.048326673,#DIV/0!,0.04251189,0.072474445,0.027095682,0.088164574,0.076993374,0.070595585,0.08552578,0.059568531,0.064901548,0.049569962,0.07784919,0.029909448,0.069534632,0.075774135,0.053702657,0.052353307,0.058630855,0.060369754,0.054761645,0.078112286,0.071367521,0.052419023,0.062113225,0.05467033,0.019825164
1983-01-01,9906,19478,11941,9513,14582,13944,15798,13431,12846,11064,14262,10795,13412,11243,11548,12643,,11017,10896,14557,14044,12332,12696,8744,,11151,12022,13892,13269,15190,10819,14286,10637,11573,12026,11876,12026,12433,12741,10033,10491,10313,12575,10116,11289,13341,13553,9537,12114,12870,0.068377912,0.002780066,0.07180684,0.05418883,0.057202929,0.053968254,0.061836268,0.054073144,0.075699213,0.080257762,0.076458601,0.083726533,0.042194421,0.052124275,0.02484913,0.035208385,#DIV/0!,0.033877628,0.069493522,0.063719401,0.079228464,0.072441082,0.051864126,0.041572365,#DIV/0!,0.038171492,0.032285763,0.04114517,0.085931746,0.074105501,0.052227193,0.071959181,0.077491896,0.038775693,0.059652833,-0.002603511,0.068028419,0.048402058,0.078648832,0.076502146,0.033494237,0.063634488,0.039084449,0.04623022,0.065,0.06429996,0.0613987,0.029024601,0.051836416,-0.015000765
1984-01-01,10848,19701,13060,10543,15895,15030,17572,14671,13939,12316,15052,11399,14784,12460,12924,13827,,11704,11930,15959,15739,13612,14351,9514,,11698,13354,14760,14717,16708,11626,15749,11863,12429,13286,12761,12970,13455,13911,11059,11864,11411,13546,10984,12335,14642,14373,10344,13285,13581,0.095093882,0.011448814,0.093710744,0.10827289,0.090042518,0.07788296,0.112292695,0.092323729,0.085084851,0.113159798,0.055391951,0.05595183,0.102296451,0.10824513,0.119154832,0.093648659,#DIV/0!,0.062358174,0.09489721,0.096311053,0.120692111,0.103795005,0.130356018,0.088060384,#DIV/0!,0.049053897,0.110796872,0.062482004,0.109126536,0.099934167,0.074590997,0.102407952,0.115258061,0.073965264,0.104772992,0.07452004,0.078496591,0.082200595,0.091829527,0.102262534,0.130874083,0.106467565,0.0772167,0.085804666,0.092656568,0.097518927,0.06050321,0.084617804,0.096665016,0.055244755
1985-01-01,11604,20593,14000,11165,16795,15733,18743,15743,14829,13196,15824,12004,15545,13154,13505,14524,,12166,12807,17109,16893,14720,15143,9976,,11843,14103,15561,15894,17788,12392,16815,12635,12912,14106,13330,13590,14308,14876,11719,12143,12132,14353,11607,13284,15627,15085,10890,13960,14330,0.069690265,0.045276889,0.071975498,0.058996491,0.056621579,0.04677312,0.066640109,0.07306932,0.063849631,0.07145177,0.051288865,0.053074831,0.051474567,0.055698234,0.044955122,0.050408621,#DIV/0!,0.039473684,0.073512154,0.072059653,0.07332105,0.081398766,0.055187792,0.048560017,#DIV/0!,0.012395281,0.056088064,0.054268293,0.079975538,0.064639694,0.065886805,0.067686837,0.065076288,0.038860729,0.061719103,0.044588982,0.047802621,0.063396507,0.069369564,0.059679899,0.023516521,0.063184646,0.059574782,0.056718864,0.076935549,0.067272231,0.049537327,0.052784223,0.050809183,0.055150578
1986-01-01,12223,20331,14733,11708,17588,16200,20024,16503,15610,14109,16599,12297,16370,13868,14141,15193,,12184,13779,18174,18152,15562,15937,10326,,12443,14609,16305,17081,18902,12665,17915,13477,13248,14771,13491,14243,15031,15811,12377,12711,12918,14427,12053,14182,16577,15917,11295,14702,14387,0.053343675,-0.01272277,0.052357143,0.048634124,0.047216433,0.029682832,0.068345516,0.048275424,0.052667071,0.069187633,0.048976239,0.02440853,0.053071727,0.054280067,0.047093669,0.046061691,#DIV/0!,0.001479533,0.075895994,0.06224794,0.074527911,0.057201087,0.052433468,0.035084202,#DIV/0!,0.050662839,0.035878891,0.047811837,0.07468227,0.06262649,0.022030342,0.065417782,0.066640285,0.026022305,0.04714306,0.01207802,0.048050037,0.050531171,0.062852917,0.056148136,0.04677592,0.064787339,0.005155717,0.038425088,0.06760012,0.060792219,0.055154127,0.037190083,0.053151862,0.003977669
1987-01-01,12864,19688,15280,12139,18482,16685,21693,17575,16436,14888,17435,12918,17310,14664,14954,15805,,12415,14766,19276,19552,16061,16878,10942,,12916,15362,17075,18365,20251,13059,19064,14349,13814,15436,13630,14881,15885,16721,13126,13413,13787,14653,12511,15210,17542,16556,11728,15445,14392,0.052442117,-0.03162658,0.037127537,0.036812436,0.050830111,0.029938272,0.08334998,0.064957886,0.052914798,0.055212985,0.05036448,0.050500122,0.057422114,0.057398327,0.057492398,0.040281709,#DIV/0!,0.018959291,0.071630742,0.060636074,0.077126487,0.032065287,0.05904499,0.059655239,#DIV/0!,0.038013341,0.051543569,0.047224778,0.075171243,0.071368109,0.031109356,0.064136199,0.064702827,0.04272343,0.045020649,0.010303165,0.044793934,0.056815914,0.057554867,0.060515472,0.055227755,0.067270475,0.015665072,0.037998838,0.07248625,0.058213187,0.040145756,0.038335547,0.050537342,0.000347536
1988-01-01,13807,20420,16044,13022,19605,17643,23738,18925,17601,15959,18964,13966,18669,15646,15446,16533,,13263,16013,20769,21358,17089,17556,11744,,13356,16371,18458,19696,22120,13689,20827,15522,12920,16508,14405,15969,17150,18305,14137,13962,14857,15494,13218,16328,18870,17613,12697,16269,15056,0.073305348,0.037180008,0.05,0.072740753,0.060761822,0.057416841,0.094270041,0.076813656,0.070880993,0.071937131,0.087697161,0.081127109,0.078509532,0.066966721,0.032900896,0.046061373,#DIV/0!,0.06830447,0.084450765,0.077453829,0.092369067,0.064005977,0.040170636,0.073295558,#DIV/0!,0.034066274,0.065681552,0.080995608,0.072474816,0.092291739,0.048242591,0.092477969,0.081747857,-0.064716954,0.069448044,0.056859868,0.073113366,0.079634876,0.094731176,0.077022703,0.040930441,0.077609342,0.05739439,0.056510271,0.073504274,0.075704025,0.063843924,0.082622783,0.053350599,0.046136743
1989-01-01,14986,22133,16803,13946,20561,18930,25659,20707,19081,16942,20897,15232,19888,16942,16803,17433,,14185,17223,22127,22477,18332,18992,12717,,14726,17338,19653,20685,23692,14532,22461,16708,14671,17703,15402,17235,18543,19839,15190,15060,15847,16417,14050,17782,20136,19028,13618,17612,16673,0.085391468,0.083888345,0.047307405,0.070956842,0.048763071,0.072946778,0.080925099,0.094161162,0.084086131,0.061595338,0.101929973,0.090648718,0.06529541,0.082832673,0.087854461,0.054436581,#DIV/0!,0.069516701,0.075563605,0.065385912,0.052392546,0.072736848,0.081795398,0.082850817,#DIV/0!,0.102575621,0.059067864,0.064741575,0.050213241,0.071066908,0.061582292,0.078455851,0.076407679,0.135526316,0.072389145,0.069212079,0.079278602,0.08122449,0.08380224,0.074485393,0.078642028,0.066635256,0.059571447,0.06294447,0.089049486,0.06709062,0.080338386,0.07253682,0.082549634,0.107399044
1990-01-01,15861,23213,17323,14622,21485,19853,26394,21457,19763,17835,22433,16152,21025,17768,17628,18438,,15369,17756,23104,23118,19051,19935,13356,,15469,18487,20516,20682,24754,15314,23990,17485,16084,18683,16235,18159,19566,20316,16109,16475,16709,17455,15010,18233,20840,20222,14608,18438,18147,0.058387829,0.048795916,0.030946855,0.04847268,0.044939448,0.048758584,0.02864492,0.036219636,0.035742362,0.052709243,0.073503374,0.06039916,0.057170153,0.048754574,0.049098375,0.057649286,#DIV/0!,0.083468453,0.030946989,0.044154201,0.028518041,0.039221034,0.049652485,0.0502477,#DIV/0!,0.050454978,0.066270619,0.043911871,-0.000145033,0.044825257,0.053812276,0.06807355,0.046504668,0.096312453,0.055357849,0.054083885,0.053611836,0.055169066,0.024043551,0.060500329,0.093957503,0.054395154,0.063227143,0.068327402,0.025362726,0.034962257,0.062749632,0.0726979,0.046899841,0.088406406
1991-01-01,16572,23510,17731,15299,21857,20549,26588,22247,20073,18322,23253,16509,21253,18121,17924,18934,,16084,17986,23605,23486,19298,20322,13964,,16298,18989,21228,21436,25072,16034,23868,17967,16340,18973,16589,18670,20244,20419,16495,17006,17318,17897,15656,18465,21431,21129,15182,18936,18818,0.044826934,0.012794555,0.023552502,0.046300096,0.017314405,0.035057674,0.007350155,0.036817822,0.015685878,0.027305859,0.036553292,0.022102526,0.010844233,0.019867177,0.016791468,0.026900965,#DIV/0!,0.04652222,0.012953368,0.021684557,0.015918332,0.012965199,0.019413093,0.045522612,#DIV/0!,0.053591053,0.027154216,0.034704621,0.036456822,0.012846409,0.047015803,-0.005085452,0.027566486,0.015916439,0.015522132,0.021804743,0.028140316,0.034651947,0.005069896,0.023961761,0.032230653,0.036447424,0.025322257,0.043037975,0.012724181,0.028358925,0.044852141,0.039293538,0.027009437,0.036975809
1992-01-01,17583,24240,18309,16438,22678,21625,28560,22814,20825,19360,24542,17640,22724,19411,19086,20115,,17066,18833,24503,24628,20280,21581,14888,,16971,19984,22554,22337,26713,16800,25061,19236,17849,20056,17399,19546,21250,21329,17316,18156,18625,18956,16401,19627,22398,22237,16277,20179,19583,0.061006517,0.031050617,0.032598274,0.07444931,0.037562337,0.052362645,0.074168798,0.025486582,0.037463259,0.056653204,0.055433707,0.068508086,0.069213758,0.071188124,0.064829279,0.062374564,#DIV/0!,0.061054464,0.047092183,0.038042788,0.048624713,0.050886102,0.061952564,0.066170152,#DIV/0!,0.04129341,0.052398757,0.062464669,0.042032096,0.0654515,0.047773481,0.049983241,0.070629487,0.092350061,0.057081115,0.048827536,0.046920193,0.049693736,0.044566335,0.049772658,0.067623192,0.075470609,0.059171928,0.04758559,0.062929867,0.045121553,0.052439775,0.072124885,0.065642163,0.040652567
1993-01-01,18129,25036,18950,16956,23013,22639,29417,23312,21641,20087,25133,18688,23317,20232,19053,20853,,17809,19395,25239,25471,21219,21947,15667,,17950,20478,23360,22831,27374,17616,25581,20085,18009,20752,17910,20452,21930,22180,17991,18737,19482,19624,17115,20218,23192,22860,16780,20986,20419,0.031052721,0.032838284,0.035010104,0.031512349,0.014772026,0.046890173,0.030007003,0.021828702,0.039183673,0.037551653,0.024081167,0.059410431,0.026095758,0.042295606,-0.001729016,0.036689038,#DIV/0!,0.043536857,0.029841236,0.030037138,0.034229332,0.046301775,0.016959362,0.052324019,#DIV/0!,0.057686642,0.024719776,0.035736455,0.022115772,0.024744506,0.048571429,0.020749372,0.044135995,0.008964088,0.034702832,0.029369504,0.046352195,0.032,0.039898729,0.038981289,0.032000441,0.046013423,0.035239502,0.043533931,0.030111581,0.035449594,0.028016369,0.0309025,0.039992071,0.042690088
1994-01-01,18977,25713,19869,17758,23581,23625,30188,23922,22310,21090,25400,19368,24349,21297,20677,21599,,18840,20187,26161,26607,22687,23242,16737,,18095,21617,24335,24088,28110,18291,26259,20951,19460,21816,18537,21475,22616,22728,18867,19962,20357,20287,17933,20977,24098,23600,17480,22088,21034,0.046775884,0.027041061,0.048496042,0.047298891,0.024681702,0.04355316,0.026209335,0.026166781,0.030913544,0.049932792,0.010623483,0.036386986,0.044259553,0.052639383,0.085235921,0.035774229,#DIV/0!,0.057892077,0.040835267,0.036530766,0.044599741,0.069183279,0.059005787,0.068296419,#DIV/0!,0.008077994,0.055620666,0.041738014,0.055056721,0.026886827,0.038317439,0.026504046,0.043116754,0.080570826,0.051272167,0.035008375,0.050019558,0.03128135,0.024706943,0.048691012,0.065378663,0.044913253,0.033785161,0.047794332,0.037540805,0.039065195,0.032370954,0.041716329,0.052511198,0.030119007
1995-01-01,19892,26399,20753,18602,24629,24995,31780,24902,23496,22235,25788,20252,25633,22047,21388,22349,,19630,21053,27070,27964,23801,24320,17488,,18728,22593,25379,25228,29588,19223,27576,21987,19404,22771,19173,22663,23583,23918,19765,20169,21469,21246,19019,21885,25035,24475,18037,23015,21818,0.048216262,0.026679112,0.044491419,0.047527875,0.04444256,0.057989418,0.052736187,0.040966474,0.053160018,0.054291133,0.015275591,0.045642297,0.052733172,0.035216228,0.034386033,0.03472383,#DIV/0!,0.041932059,0.042898895,0.034746378,0.051001616,0.049103011,0.046381551,0.044870646,#DIV/0!,0.034982039,0.045149651,0.042901171,0.04732647,0.052579153,0.050954021,0.050154233,0.049448714,-0.002877698,0.043775211,0.034309759,0.05532014,0.04275734,0.052358325,0.047596332,0.010369702,0.054624945,0.047271652,0.060558746,0.043285503,0.038882895,0.037076271,0.031864989,0.04196849,0.037272987
1996-01-01,20630,26953,21737,19458,25912,26336,33191,26227,24500,23475,25665,21058,27066,23089,23209,23688,,20409,22139,28119,29545,24821,25932,18386,,19411,24371,26667,26339,31052,19826,28936,23040,21627,23762,20126,23974,24743,24657,20755,22157,22301,22397,20183,22883,25973,25898,18767,24129,22693,0.037100342,0.020985643,0.047414832,0.046016557,0.052093061,0.05365073,0.044398993,0.053208578,0.042730678,0.055767933,-0.00476966,0.039798538,0.055904498,0.047262666,0.085141201,0.059913195,#DIV/0!,0.039684157,0.051584097,0.038751385,0.056536976,0.042855342,0.066282895,0.051349497,#DIV/0!,0.036469457,0.078696942,0.050750621,0.04403837,0.049479519,0.031368673,0.049318248,0.047891936,0.114564007,0.043520267,0.049705315,0.057847593,0.049187974,0.030897232,0.05008854,0.098567108,0.038753552,0.054174904,0.061201956,0.045602011,0.037467545,0.05814096,0.040472362,0.048403215,0.040104501
1997-01-01,21516,28185,22804,20187,27171,27675,35228,27069,25378,24404,26334,21506,28422,24096,24197,24958,,21352,23247,29432,31180,25990,27087,19221,,20159,24915,27534,27975,32804,20576,30443,24251,21196,25078,21072,25015,25967,25975,21728,22582,23267,23919,21288,23999,27360,27405,19587,25429,24282,0.042947164,0.045709197,0.049086811,0.03746531,0.048587527,0.050842953,0.061372059,0.03210432,0.035836735,0.039574015,0.026066628,0.021274575,0.050099756,0.043613842,0.042569693,0.053613644,#DIV/0!,0.046205106,0.050047428,0.046694406,0.055339313,0.047097216,0.044539565,0.04541499,#DIV/0!,0.038534851,0.022321612,0.032512094,0.062113216,0.056421487,0.037829113,0.052080453,0.052560764,-0.019928793,0.055382544,0.047003876,0.043422041,0.049468537,0.05345338,0.04688027,0.019181297,0.043316443,0.06795553,0.054749046,0.048769829,0.053401609,0.058189822,0.043693718,0.053877077,0.070021593
1998-01-01,22668,29255,24173,21208,29092,29901,37827,29472,26883,26152,26756,22783,29930,25790,25207,26221,,22312,24805,31483,32914,27430,29162,20174,,21461,26421,29314,30319,34663,21380,32040,25440,23285,26442,22006,26023,27336,27552,22946,24277,25116,25556,22266,25693,28992,29513,20447,27031,25755,0.05354155,0.037963456,0.060033327,0.050577104,0.070700379,0.080433604,0.073776541,0.088773135,0.059303334,0.071627602,0.016024911,0.059378778,0.053057491,0.070302125,0.041740712,0.050605016,#DIV/0!,0.044960659,0.0670194,0.069686056,0.055612572,0.055405925,0.076605013,0.049581187,#DIV/0!,0.064586537,0.060445515,0.064647345,0.083789097,0.056669918,0.03907465,0.052458693,0.049028906,0.098556331,0.054390302,0.044324222,0.040295823,0.052720761,0.060712223,0.056056701,0.075059782,0.079468776,0.068439316,0.045941375,0.070586274,0.059649123,0.07692027,0.043906673,0.062998938,0.060662219
1999-01-01,23333,29951,24960,21871,30773,31305,39700,31181,27689,27254,27768,23688,31068,26600,25740,26927,,22746,25779,33036,34967,28629,30303,20709,,21794,27545,30405,31852,35965,21587,33740,26239,23705,27200,22412,26617,28489,28496,23764,25306,25807,26530,23081,26963,30637,30958,21037,27933,27518,0.02933651,0.023790805,0.032556985,0.031261788,0.057782208,0.046954951,0.049514897,0.057987242,0.029981773,0.042138269,0.037823292,0.0397226,0.038022051,0.031407522,0.02114492,0.026924984,#DIV/0!,0.019451416,0.039266277,0.049328209,0.062374673,0.043711265,0.03912626,0.026519282,#DIV/0!,0.015516518,0.042541917,0.037217712,0.050562354,0.037561665,0.009681946,0.053058677,0.031407233,0.018037363,0.028666515,0.018449514,0.022825962,0.042178812,0.034262485,0.035648915,0.042385797,0.027512343,0.038112381,0.036602892,0.049429806,0.05673979,0.048961475,0.028855089,0.033369095,0.068452728
2000-01-01,24306,32044,26388,22781,33410,34029,43070,33884,29466,28851,29319,25183,33212,28153,27390,28253,,23997,27491,35591,38594,30344,32448,21681,,23081,29039,31986,35335,39216,23102,36090,27510,25892,28598,24178,28386,30443,30417,25133,26825,27066,28383,24260,29014,32715,32723,22317,29556,29607,0.041700596,0.069880805,0.057211538,0.041607608,0.085692003,0.087014854,0.08488665,0.086687406,0.06417711,0.058596903,0.055855661,0.063112124,0.069009914,0.058383459,0.064102564,0.049244253,#DIV/0!,0.054998681,0.066410644,0.077339872,0.103726371,0.059904293,0.070785071,0.046936115,#DIV/0!,0.05905295,0.054238519,0.051998027,0.109349491,0.090393438,0.070181128,0.069650267,0.048439346,0.092259017,0.051397059,0.078797073,0.066461284,0.068587876,0.06741297,0.057608147,0.06002529,0.048785213,0.069845458,0.051080976,0.076067203,0.067826484,0.057012727,0.060845178,0.058103319,0.075913947
2001-01-01,25057,33626,27008,23873,34046,34897,45153,36922,30418,29762,30229,25799,34299,28639,28162,29112,,25663,28824,37076,39872,30749,33490,22845,,23996,30275,32461,36747,40245,24601,37283,27838,26541,29323,25608,28829,31634,31815,25737,27645,27541,29644,24925,30716,34001,33084,23754,30841,31347,0.030897721,0.049369617,0.023495528,0.047934682,0.019036217,0.025507655,0.04836313,0.089658836,0.032308423,0.031576029,0.031037894,0.024460946,0.032729134,0.017262814,0.028185469,0.030403851,#DIV/0!,0.069425345,0.048488596,0.041724031,0.033113956,0.013346955,0.032112919,0.053687561,#DIV/0!,0.039642996,0.042563449,0.014850247,0.039960379,0.02623929,0.064886157,0.033056248,0.011922937,0.025065657,0.025351423,0.059144677,0.015606285,0.039122294,0.04596114,0.024032149,0.0305685,0.017549693,0.044428003,0.027411377,0.058661336,0.039309185,0.011031996,0.064390375,0.04347679,0.058769886
2002-01-01,25648,34756,27353,24306,34131,34438,44697,37658,30810,30133,31257,26233,34594,28918,28772,29248,,26289,29572,38035,39540,30602,33955,23219,,24554,30599,32130,36974,40474,25255,37088,27852,27218,29693,26023,28749,32133,32807,26182,27572,28113,29524,25190,31217,34498,33212,24517,31425,31854,0.023586223,0.033604949,0.012773993,0.018137645,0.002496622,-0.013152993,-0.010098997,0.019933915,0.012887106,0.01246556,0.034007079,0.016822357,0.008600834,0.00974196,0.021660393,0.004671613,#DIV/0!,0.024393095,0.025950597,0.025865789,-0.008326645,-0.004780643,0.013884742,0.016371197,#DIV/0!,0.023253876,0.010701899,-0.010196852,0.006177375,0.005690148,0.026584285,-0.005230266,0.00050291,0.025507705,0.012618081,0.016205873,-0.002774984,0.015774167,0.031180261,0.017290282,-0.002640622,0.020769035,-0.004048037,0.010631896,0.016310718,0.014617217,0.00386894,0.032120906,0.018935832,0.016173797
2003-01-01,26673,35996,28393,25595,35272,34856,44997,38065,31785,30896,32467,26728,35212,29521,29383,30074,,27022,30805,39394,40267,31279,35293,24064,,26125,32348,33121,37371,41198,26097,37576,28715,29678,30509,27198,29526,33170,34301,26832,29972,29098,30224,25792,32338,36188,34253,24823,32148,33686,0.03996413,0.035677293,0.038021424,0.053032173,0.03343002,0.012137755,0.00671186,0.010807796,0.03164557,0.025321077,0.038711329,0.018869363,0.01786437,0.020852064,0.021235924,0.028241247,#DIV/0!,0.027882384,0.041694846,0.035730248,0.018386444,0.022122737,0.039405095,0.03639261,#DIV/0!,0.063981429,0.057158731,0.030843448,0.010737275,0.017888027,0.033339933,0.013157895,0.030985208,0.090381365,0.027481225,0.045152365,0.027027027,0.032272119,0.045539062,0.024826216,0.087044828,0.035037171,0.023709524,0.023898372,0.035909921,0.048988347,0.031344092,0.012481136,0.02300716,0.0575124
2004-01-01,28434,37016,30221,27059,37070,35819,47238,38974,33778,32034,34277,28317,36519,30791,31704,30843,,28065,32211,41641,42407,32168,37211,25306,,28131,33627,35232,39434,42876,27399,39329,30635,30107,31660,29264,30996,34984,35927,27986,32025,30472,31195,27018,34087,38139,36378,25687,33424,36065,0.06602182,0.028336482,0.064382066,0.057198672,0.050975278,0.027627955,0.04980332,0.023880205,0.062702533,0.036833247,0.055748914,0.059450763,0.037118028,0.043020223,0.078991253,0.02557026,#DIV/0!,0.038598179,0.045641941,0.057039143,0.053145255,0.028421625,0.054345054,0.051612367,#DIV/0!,0.076784689,0.039538766,0.063735998,0.055203232,0.040730133,0.049890792,0.046652118,0.066864008,0.014455152,0.037726572,0.075961468,0.049786629,0.054687971,0.047403866,0.043008348,0.068497264,0.04721974,0.032126787,0.047534119,0.054084977,0.053912899,0.062038362,0.03480643,0.039691427,0.070622811
2005-01-01,29949,39075,32327,28227,38932,37797,49738,39370,35999,33445,36375,29392,37975,31566,32621,32545,,30139,32925,43515,44371,32946,38065,26835,,30074,34666,38109,40619,44467,28858,40884,32345,31967,32607,31856,32296,36410,36984,29285,33788,31548,33276,28927,34878,40167,37384,26981,34447,39385,0.053281283,0.055624595,0.069686642,0.043164936,0.050229296,0.055222089,0.052923494,0.01016062,0.065752857,0.04404695,0.061207224,0.037963061,0.039869657,0.025169692,0.028923795,0.055182699,#DIV/0!,0.073899875,0.022166341,0.045003722,0.046313109,0.024185526,0.022950203,0.060420454,#DIV/0!,0.06906971,0.03089779,0.081658719,0.03005021,0.037107006,0.053250119,0.039538254,0.055818508,0.061779653,0.02991156,0.088572991,0.041940896,0.040761491,0.02942077,0.046416065,0.055050742,0.035311105,0.066709409,0.070656599,0.023205328,0.053173916,0.027654077,0.050375676,0.03060675,0.09205601
2006-01-01,31474,41157,34703,29617,41746,40137,53696,41053,38386,34791,38480,31476,40365,33123,34448,35690,,33850,34451,45576,47750,33812,39667,27981,,32193,36019,39767,43153,47695,30597,44128,34385,33357,34214,34854,34716,38109,39028,30984,35299,33065,35630,31327,37008,42385,40027,28704,36338,44492,0.050919897,0.05328215,0.073498933,0.049243632,0.072279873,0.061909675,0.079576983,0.042748285,0.066307397,0.040245179,0.057869416,0.070903647,0.062936142,0.049325223,0.056006867,0.096635428,#DIV/0!,0.1231295,0.04634776,0.047362978,0.076153343,0.026285437,0.042085906,0.042705422,#DIV/0!,0.070459533,0.039029597,0.043506783,0.062384598,0.072593159,0.060260586,0.079346444,0.063070026,0.043482341,0.049283896,0.094110999,0.07493188,0.046663005,0.055267143,0.058016049,0.044720019,0.048085457,0.070741676,0.08296747,0.061070015,0.055219459,0.070698695,0.063859753,0.054895927,0.129668656
2007-01-01,32739,43906,35872,31303,43385,42074,57684,41733,39594,35680,40490,32707,42513,34055,36680,38057,,36432,35686,47327,50085,34929,41655,29554,,34183,38531,40212,44695,50473,31950,47428,36211,36709,35629,35711,35879,40337,40894,32402,38748,34164,37085,33165,38944,44248,42819,29711,37816,46278,0.040191904,0.066793012,0.033685848,0.056926765,0.039261247,0.04825971,0.074269964,0.016563954,0.031469807,0.025552585,0.052234927,0.039109163,0.053214418,0.028137548,0.064793312,0.066321098,#DIV/0!,0.076277696,0.035848016,0.038419344,0.048900524,0.033035609,0.050117226,0.056216718,#DIV/0!,0.06181468,0.06974097,0.011190183,0.035733321,0.058245099,0.044220022,0.074782451,0.053104551,0.100488653,0.041357339,0.024588283,0.033500403,0.05846388,0.047811827,0.045765556,0.09770815,0.033237562,0.040836374,0.058671434,0.052313013,0.043954229,0.069752917,0.035082219,0.040673675,0.040142048
2008-01-01,33583,47869,35748,32306,43567,42953,60970,40894,39401,35438,41969,32841,43460,35408,38703,41257,,38522,37163,49186,51810,35969,43161,30785,,35792,40535,38836,45886,51779,33649,48184,37835,41075,36827,39325,36992,41728,41638,33234,41168,35059,39946,33941,41022,45514,44241,31607,39055,49746,0.025779651,0.090261012,-0.003456735,0.032041657,0.004194998,0.020891762,0.056965536,-0.020103994,-0.004874476,-0.006782511,0.036527538,0.004096982,0.022275539,0.039729849,0.055152672,0.0840844,#DIV/0!,0.05736715,0.04138878,0.039279904,0.03444145,0.029774686,0.036154123,0.041652568,#DIV/0!,0.047070181,0.05201007,-0.034218641,0.026647276,0.02587522,0.053176839,0.015939951,0.044848251,0.118935411,0.033624295,0.101201311,0.031020931,0.034484468,0.018193378,0.025677427,0.062454836,0.026197167,0.077147095,0.023398161,0.053358669,0.028611463,0.033209557,0.063814749,0.032763909,0.074938416
2009-01-01,32769,47258,33524,31472,41689,40093,59684,40856,36818,34274,41082,31281,41180,34267,37286,39431,,36930,37157,48448,50772,34307,41079,30157,,34689,39535,36231,45101,49854,32911,47027,35933,40212,35755,35917,35313,40530,40610,32010,39518,34446,37269,31858,40479,44087,41591,31718,38182,44564,-0.024238454,-0.012764002,-0.062213271,-0.025815638,-0.043106021,-0.066584406,-0.02109234,-0.000929232,-0.065556712,-0.032846097,-0.021134647,-0.047501599,-0.052462034,-0.032224356,-0.036612149,-0.044259156,#DIV/0!,-0.041327034,-0.000161451,-0.01500427,-0.020034742,-0.046206456,-0.048237993,-0.020399545,#DIV/0!,-0.030816942,-0.024670038,-0.067076939,-0.017107615,-0.037177234,-0.021932301,-0.02401212,-0.050270913,-0.021010347,-0.029109078,-0.086662428,-0.045388192,-0.028709739,-0.024688986,-0.036829753,-0.040079674,-0.017484811,-0.067015471,-0.061371203,-0.0132368,-0.03135299,-0.059899189,0.00351188,-0.022353092,-0.104169179
2010-01-01,33946,49652,33876,32372,43246,40790,61743,40942,38872,34829,41574,32097,42278,35695,38312,39960,33415,38242,38106,49668,52894,35760,42724,31287,37124,36393,41248,37494,47098,51076,33710,48768,35872,44264,36854,37276,36036,42251,42766,32852,41423,35851,39034,32218,41733,45513,42348,32762,39175,46649,0.035918093,0.05065809,0.01049994,0.028596848,0.037347981,0.017384581,0.034498358,0.002104954,0.05578793,0.016193033,0.011976048,0.026086123,0.026663429,0.041672746,0.027517031,0.01341584,#DIV/0!,0.035526672,0.025540275,0.025181638,0.04179469,0.042352873,0.040044792,0.037470571,#DIV/0!,0.0491222,0.043328696,0.034859651,0.044278397,0.024511574,0.024277597,0.037021286,-0.001697604,0.100765941,0.03073696,0.037837236,0.020474046,0.042462374,0.053090372,0.02630428,0.048205881,0.040788481,0.047358394,0.011300144,0.030979026,0.032345136,0.018201053,0.032915064,0.026007019,0.046786644
2011-01-01,35010,52569,35321,34279,45557,43658,63132,43962,40517,36842,42809,33579,44194,37799,41036,43015,34801,39124,39690,51845,54812,37781,45323,32546,38529,38558,45674,38777,49131,52947,35045,50904,36902,49000,39245,39800,37596,44211,44201,34479,44758,37727,42037,34190,43982,47608,44225,34581,41209,50783,0.031343899,0.058748892,0.042655567,0.058908934,0.053438468,0.070311351,0.022496477,0.073762884,0.042318378,0.057796664,0.029706066,0.046172539,0.045319078,0.05894383,0.071100439,0.076451451,0.041463104,0.023063647,0.041568257,0.043831038,0.036261202,0.05651566,0.060832319,0.040240355,0.037852871,0.059489462,0.107302172,0.034218808,0.043165315,0.036631686,0.039602492,0.043799213,0.028713202,0.106994397,0.064877625,0.067711128,0.043290043,0.046389435,0.033554693,0.049525143,0.080510827,0.05232769,0.07693293,0.06120802,0.053890207,0.046030804,0.044323227,0.055521641,0.051920868,0.088619263
2012-01-01,35824,53708,36545,36582,48121,45630,64121,44070,41540,37495,43812,35110,46029,39433,42873,45294,35867,41003,40411,52787,56669,39266,47726,33657,40308,40701,46670,39909,51123,54574,35749,53102,39103,56443,40759,42232,39371,45855,45601,35989,45442,39373,44241,36005,45277,49309,47320,35453,42944,54213,0.0232505,0.021666762,0.034653606,0.06718399,0.056281142,0.04516927,0.01566559,0.002456667,0.025248661,0.017724336,0.023429653,0.045593972,0.041521474,0.043228657,0.044765572,0.052981518,0.030645891,0.048026787,0.018165785,0.018169544,0.033879442,0.039305471,0.053019438,0.034136299,0.046166224,0.055578609,0.021806717,0.029192563,0.040544666,0.030728842,0.020088458,0.043179318,0.059644464,0.151897959,0.038578163,0.061105528,0.047212469,0.037185316,0.031673492,0.043794774,0.015282184,0.043629231,0.052430002,0.053085698,0.029443863,0.035729289,0.069983041,0.025216159,0.042102453,0.067542288
2013-01-01,36014,52812,37139,36677,48502,47404,62647,44404,41162,37794,43931,36095,47047,39766,43439,46174,36063,41376,40329,52249,56628,39566,47838,34259,40565,40674,46653,39664,50865,54813,35088,53395,38394,54900,41259,44017,39788,46213,45447,36204,45608,39454,44816,36511,45770,48573,47857,35318,43050,53776,0.005303707,-0.016682803,0.016253934,0.002596906,0.007917541,0.038877931,-0.022987789,0.007578852,-0.009099663,0.007974397,0.002716151,0.028054685,0.022116492,0.008444704,0.013201782,0.019428622,0.005464595,0.009096895,-0.00202915,-0.010191903,-0.0007235,0.007640198,0.002346729,0.017886324,0.006369703,-0.000663374,-0.00036426,-0.006138966,-0.005046652,0.004379375,-0.018490028,0.005517683,-0.018131601,-0.027337314,0.012267229,0.042266528,0.010591552,0.007807218,-0.003377119,0.005974048,0.003653008,0.002057247,0.012996994,0.014053604,0.010888531,-0.014926281,0.011348267,-0.003807858,0.002468331,-0.008060797
2014-01-01,37055,55867,38756,38749,51266,50797,65498,46015,43516,39969,46044,37680,49238,41188,44699,47013,37636,43085,41797,53659,58924,41207,49967,34896,41955,42494,48957,41773,52643,57065,37219,55290,40293,57523,42829,46614,42134,48063,47199,38152,47488,40753,47370,38168,47641,50318,50890,36570,44709,57749,0.028905426,0.057846702,0.043539137,0.05649317,0.056987341,0.071576238,0.045508963,0.036280515,0.057188669,0.057548817,0.048098154,0.043911899,0.046570451,0.035759191,0.029006193,0.018170399,0.04361781,0.041304138,0.036400605,0.026986162,0.040545313,0.041475004,0.044504369,0.018593654,0.034272367,0.044746029,0.049385892,0.053171642,0.034955274,0.041085144,0.060733014,0.035490214,0.049460853,0.047777778,0.038052304,0.058999932,0.058962501,0.040032026,0.038550399,0.053806209,0.041220838,0.032924418,0.056988576,0.045383583,0.040878305,0.035925308,0.063376309,0.035449346,0.038536585,0.073880542
2015-01-01,38531,57575,40334,39968,54546,52339,67321,47868,45659,41941,47777,39386,51443,42667,46104,47332,39228,43113,43672,55825,62376,43425,51985,35533,43316,43941,50556,44493,54684,59175,38103,57481,42076,53991,44442,44894,44694,49927,48682,40053,49186,42535,47465,40459,48876,52238,53083,37468,46548,57846,0.039832681,0.03057261,0.040716276,0.031458876,0.063980026,0.030356123,0.027832911,0.040269477,0.049246254,0.049338237,0.037637912,0.045276008,0.044782485,0.035908517,0.031432471,0.006785357,0.042299645,0.000649878,0.044859679,0.040366015,0.058583939,0.053825806,0.040386655,0.018254241,0.032445477,0.034051866,0.032661315,0.06511383,0.038770587,0.036975379,0.02375131,0.039627419,0.044250862,-0.061401526,0.037661398,-0.036898786,0.060758532,0.038782431,0.031420157,0.049827008,0.035756402,0.043726842,0.002005489,0.060024104,0.025923049,0.038157319,0.043092946,0.024555647,0.041132658,0.001679683
2016-01-01,39014,56278,41473,40873,56560,52390,68680,48734,46454,43033,49122,40098,52036,43645,46291,47326,39741,42725,44740,57632,64295,44527,52596,36021,44400,44063,49360,45450,56321,60533,38775,59280,42936,52005,45212,42521,45999,51181,49184,41178,49192,43499,46586,41750,49621,53268,54918,37380,47205,54827,0.012535361,-0.022527139,0.028239203,0.022643114,0.036922964,0.000974417,0.020186866,0.018091418,0.017411682,0.026036575,0.028151621,0.018077489,0.011527322,0.022921696,0.004056047,-0.000126764,0.013070937,-0.008999606,0.024455028,0.03236901,0.030765038,0.025377087,0.01175339,0.013733712,0.025019479,0.00277645,-0.023656935,0.021509001,0.02993563,0.02294888,0.017636407,0.031297298,0.020439205,-0.036783908,0.017325953,-0.052857843,0.02919855,0.02511667,0.01031182,0.028087784,0.000121986,0.022663689,-0.018518909,0.031908846,0.015242655,0.019717447,0.034568506,-0.002348671,0.014114462,-0.052190298
2017-01-01,40223,57189,43497,41890,58804,55251,70011,50417,49055,44993,51114,41457,53611,45015,47246,48651,40754,44056,46378,59155,66679,45716,54266,36902,45237,46036,50144,47485,58362,62465,39458,62913,44591,52521,46646,44423,47974,52421,50982,42758,50104,44879,49231,43241,50771,54879,57265,39140,48758,57184,0.030988876,0.016187498,0.048802836,0.024881951,0.039674682,0.054609658,0.019379732,0.034534411,0.055990873,0.045546441,0.040552095,0.033891965,0.030267507,0.031389621,0.02063036,0.027997295,0.025496339,0.031152721,0.036611533,0.026426291,0.037079089,0.026702899,0.031751464,0.024457955,0.018851351,0.044776797,0.015883306,0.044774477,0.036238703,0.031916475,0.017614442,0.061285425,0.038545743,0.009922123,0.031717243,0.044730839,0.042935716,0.024227741,0.036556604,0.038370003,0.0185396,0.031724867,0.056776714,0.035712575,0.023175672,0.030243298,0.042736443,0.047084002,0.032899057,0.042989768
2018-01-01,41539,59618,45466,43384,61508,58453,72926,52716,51520,46855,52164,43217,56536,46945,49163,50663,41971,46057,48141,60577,69693,47457,56539,37900,47080,47612,51916,49678,60831,64914,41218,64849,46352,55396,48327,46415,50567,55030,52659,44155,52166,46870,52005,45665,52409,56619,60221,41279,50908,60472,0.032717599,0.042473203,0.04526749,0.035664836,0.045983266,0.057953702,0.041636314,0.045599699,0.05024972,0.041384215,0.020542317,0.042453627,0.054559699,0.042874597,0.040574863,0.041355779,0.029861916,0.045419466,0.038013713,0.024038543,0.045201638,0.038082947,0.041886264,0.027044605,0.040729933,0.034234078,0.035338226,0.046183005,0.042304924,0.039205955,0.044604389,0.030772654,0.039492274,0.054740009,0.036037388,0.044841636,0.05405011,0.04977013,0.032893963,0.032672248,0.041154399,0.044363734,0.056346611,0.056057908,0.032262512,0.031706117,0.051619663,0.054649974,0.044095328,0.057498601
2019-01-01,43288,61316,48124,44324,64919,62124,75533,54217,54560,49083,54700,45924,58438,48749,50367,52876,43870,47668,50728,62313,73213,49142,58543,39445,48993,50289,54182,52602,64747,68438,43530,67366,48741,57110,50035,48646,52718,56952,55830,46681,55294,49343,54076,48580,55442,59073,64189,42951,52893,64117,0.04210501,0.028481331,0.058461268,0.021666974,0.055456201,0.062802594,0.035748567,0.028473329,0.059006211,0.047550955,0.048615904,0.062637388,0.033642281,0.038427948,0.024489962,0.043680793,0.045239301,0.034978396,0.053737978,0.028657741,0.050507225,0.035505826,0.03544456,0.040765172,0.040638707,0.056225321,0.04364743,0.058859052,0.064375072,0.054287211,0.056091999,0.038813243,0.051540387,0.030940862,0.035342562,0.048066358,0.042537623,0.034926404,0.060217627,0.057207564,0.059962428,0.052762961,0.039823094,0.063834447,0.05787174,0.043342341,0.065890636,0.040504857,0.038991907,0.06027583
2020-01-01,46179,62756,52327,47154,70647,65358,78463,56324,57292,51987,57241,49491,62139,52219,53312,55974,47510,50809,54912,65685,78388,53388,62240,42716,52091,54106,57421,55406,68542,71505,46760,71577,51900,60864,53545,50518,57005,60685,59941,49105,60446,52351,55601,52225,59296,62189,68350,45240,55941,65782,0.066785252,0.023484898,0.08733688,0.063848028,0.088233029,0.052057176,0.038790992,0.038862349,0.050073314,0.059165088,0.046453382,0.077671806,0.063332078,0.071180947,0.058470824,0.058589908,0.082972419,0.065893262,0.082479104,0.054113909,0.070684168,0.08640267,0.063150163,0.082925593,0.063238949,0.075901291,0.059780001,0.053305958,0.058612754,0.044814284,0.0742017,0.062509278,0.064811965,0.065732796,0.070150894,0.038482095,0.081319473,0.065546425,0.073634247,0.051926908,0.093174666,0.060961028,0.02820105,0.075030877,0.069514087,0.052748294,0.064824191,0.053293288,0.057625773,0.025968152
2021-01-01,49769,65813,55487,50625,76614,70706,83294,59931,62270,55786,60947,52369,67244,56497,57163,58924,51257,54217,58484,69817,83653,56494,66280,45881,55315,56949,61205,60213,73200,77016,50311,76837,56173,64524,56879,53870,61596,64279,64376,52467,64462,56560,59865,56019,61882,66305,73775,48488,59626,69666,0.077740965,0.048712474,0.060389474,0.073609874,0.084462185,0.081826249,0.061570422,0.064040196,0.086888222,0.073075961,0.064743803,0.058151987,0.082154525,0.081924204,0.072235144,0.052703041,0.078862345,0.067074731,0.065049534,0.062906295,0.067165893,0.058177868,0.064910026,0.074094016,0.06188689,0.052545004,0.065899235,0.086759557,0.067958332,0.077071533,0.075940975,0.073487293,0.082331407,0.060134069,0.062265384,0.066352587,0.080536795,0.059223861,0.073989423,0.068465533,0.066439467,0.08039961,0.076689268,0.0726472,0.043611711,0.066185338,0.079370885,0.071794872,0.065872973,0.059043507
,,,,,,,,,,,,,,,,,,,,,,,,,,,,,,,,,,,,,,,,,,,,,,,,,,,,,,,,,,,,,,,,,,,,,,,,,,,,,,,,,,,,,,,,,,,,,,,,,,,,
